County,Brand,Data,Total
AB, ALFA_ROMEO,3,297
AR, ALFA_ROMEO,14,297
AG, ALFA_ROMEO,4,297
BC, ALFA_ROMEO,8,297
BH, ALFA_ROMEO,10,297
BN, ALFA_ROMEO,0,297
BT, ALFA_ROMEO,4,297
BR, ALFA_ROMEO,4,297
BV, ALFA_ROMEO,7,297
B, ALFA_ROMEO,34,297
BZ, ALFA_ROMEO,6,297
CL, ALFA_ROMEO,2,297
CS, ALFA_ROMEO,2,297
CJ, ALFA_ROMEO,34,297
CT, ALFA_ROMEO,4,297
CV, ALFA_ROMEO,2,297
DB, ALFA_ROMEO,3,297
DJ, ALFA_ROMEO,12,297
GL, ALFA_ROMEO,11,297
GR, ALFA_ROMEO,0,297
GJ, ALFA_ROMEO,4,297
HR, ALFA_ROMEO,2,297
HD, ALFA_ROMEO,10,297
IL, ALFA_ROMEO,3,297
IS, ALFA_ROMEO,14,297
IF, ALFA_ROMEO,1,297
MM, ALFA_ROMEO,10,297
MH, ALFA_ROMEO,3,297
MS, ALFA_ROMEO,1,297
NT, ALFA_ROMEO,9,297
OT, ALFA_ROMEO,5,297
PH, ALFA_ROMEO,12,297
SJ, ALFA_ROMEO,6,297
SM, ALFA_ROMEO,5,297
SB, ALFA_ROMEO,6,297
SV, ALFA_ROMEO,13,297
TR, ALFA_ROMEO,2,297
TM, ALFA_ROMEO,9,297
TL, ALFA_ROMEO,3,297
VS, ALFA_ROMEO,3,297
VL, ALFA_ROMEO,8,297
VN, ALFA_ROMEO,5,297
AB, ALPINA,0,3
AR, ALPINA,0,3
AG, ALPINA,0,3
BC, ALPINA,0,3
BH, ALPINA,0,3
BN, ALPINA,0,3
BT, ALPINA,0,3
BR, ALPINA,0,3
BV, ALPINA,0,3
B, ALPINA,0,3
BZ, ALPINA,0,3
CL, ALPINA,0,3
CS, ALPINA,0,3
CJ, ALPINA,1,3
CT, ALPINA,0,3
CV, ALPINA,0,3
DB, ALPINA,0,3
DJ, ALPINA,0,3
GL, ALPINA,0,3
GR, ALPINA,0,3
GJ, ALPINA,1,3
HR, ALPINA,0,3
HD, ALPINA,0,3
IL, ALPINA,0,3
IS, ALPINA,0,3
IF, ALPINA,0,3
MM, ALPINA,0,3
MH, ALPINA,0,3
MS, ALPINA,0,3
NT, ALPINA,0,3
OT, ALPINA,0,3
PH, ALPINA,1,3
SJ, ALPINA,0,3
SM, ALPINA,0,3
SB, ALPINA,0,3
SV, ALPINA,0,3
TR, ALPINA,0,3
TM, ALPINA,0,3
TL, ALPINA,0,3
VS, ALPINA,0,3
VL, ALPINA,0,3
VN, ALPINA,0,3
AB, ARO,1,15
AR, ARO,0,15
AG, ARO,3,15
BC, ARO,0,15
BH, ARO,0,15
BN, ARO,0,15
BT, ARO,0,15
BR, ARO,0,15
BV, ARO,0,15
B, ARO,4,15
BZ, ARO,0,15
CL, ARO,0,15
CS, ARO,0,15
CJ, ARO,0,15
CT, ARO,0,15
CV, ARO,0,15
DB, ARO,0,15
DJ, ARO,0,15
GL, ARO,0,15
GR, ARO,0,15
GJ, ARO,0,15
HR, ARO,0,15
HD, ARO,0,15
IL, ARO,0,15
IS, ARO,0,15
IF, ARO,0,15
MM, ARO,0,15
MH, ARO,0,15
MS, ARO,0,15
NT, ARO,0,15
OT, ARO,1,15
PH, ARO,1,15
SJ, ARO,0,15
SM, ARO,0,15
SB, ARO,0,15
SV, ARO,1,15
TR, ARO,0,15
TM, ARO,0,15
TL, ARO,0,15
VS, ARO,0,15
VL, ARO,3,15
VN, ARO,0,15
AB, ASIA,0,1
AR, ASIA,0,1
AG, ASIA,0,1
BC, ASIA,0,1
BH, ASIA,0,1
BN, ASIA,0,1
BT, ASIA,0,1
BR, ASIA,0,1
BV, ASIA,0,1
B, ASIA,0,1
BZ, ASIA,0,1
CL, ASIA,0,1
CS, ASIA,0,1
CJ, ASIA,0,1
CT, ASIA,0,1
CV, ASIA,0,1
DB, ASIA,0,1
DJ, ASIA,0,1
GL, ASIA,0,1
GR, ASIA,0,1
GJ, ASIA,0,1
HR, ASIA,0,1
HD, ASIA,0,1
IL, ASIA,0,1
IS, ASIA,0,1
IF, ASIA,0,1
MM, ASIA,1,1
MH, ASIA,0,1
MS, ASIA,0,1
NT, ASIA,0,1
OT, ASIA,0,1
PH, ASIA,0,1
SJ, ASIA,0,1
SM, ASIA,0,1
SB, ASIA,0,1
SV, ASIA,0,1
TR, ASIA,0,1
TM, ASIA,0,1
TL, ASIA,0,1
VS, ASIA,0,1
VL, ASIA,0,1
VN, ASIA,0,1
AB, ASTON_MARTIN,0,1
AR, ASTON_MARTIN,0,1
AG, ASTON_MARTIN,0,1
BC, ASTON_MARTIN,0,1
BH, ASTON_MARTIN,0,1
BN, ASTON_MARTIN,0,1
BT, ASTON_MARTIN,0,1
BR, ASTON_MARTIN,0,1
BV, ASTON_MARTIN,0,1
B, ASTON_MARTIN,1,1
BZ, ASTON_MARTIN,0,1
CL, ASTON_MARTIN,0,1
CS, ASTON_MARTIN,0,1
CJ, ASTON_MARTIN,0,1
CT, ASTON_MARTIN,0,1
CV, ASTON_MARTIN,0,1
DB, ASTON_MARTIN,0,1
DJ, ASTON_MARTIN,0,1
GL, ASTON_MARTIN,0,1
GR, ASTON_MARTIN,0,1
GJ, ASTON_MARTIN,0,1
HR, ASTON_MARTIN,0,1
HD, ASTON_MARTIN,0,1
IL, ASTON_MARTIN,0,1
IS, ASTON_MARTIN,0,1
IF, ASTON_MARTIN,0,1
MM, ASTON_MARTIN,0,1
MH, ASTON_MARTIN,0,1
MS, ASTON_MARTIN,0,1
NT, ASTON_MARTIN,0,1
OT, ASTON_MARTIN,0,1
PH, ASTON_MARTIN,0,1
SJ, ASTON_MARTIN,0,1
SM, ASTON_MARTIN,0,1
SB, ASTON_MARTIN,0,1
SV, ASTON_MARTIN,0,1
TR, ASTON_MARTIN,0,1
TM, ASTON_MARTIN,0,1
TL, ASTON_MARTIN,0,1
VS, ASTON_MARTIN,0,1
VL, ASTON_MARTIN,0,1
VN, ASTON_MARTIN,0,1
AB, AUDI,161,6866
AR, AUDI,233,6866
AG, AUDI,177,6866
BC, AUDI,156,6866
BH, AUDI,276,6866
BN, AUDI,158,6866
BT, AUDI,167,6866
BR, AUDI,84,6866
BV, AUDI,199,6866
B, AUDI,687,6866
BZ, AUDI,93,6866
CL, AUDI,57,6866
CS, AUDI,111,6866
CJ, AUDI,240,6866
CT, AUDI,286,6866
CV, AUDI,57,6866
DB, AUDI,116,6866
DJ, AUDI,172,6866
GL, AUDI,182,6866
GR, AUDI,68,6866
GJ, AUDI,122,6866
HR, AUDI,68,6866
HD, AUDI,131,6866
IL, AUDI,67,6866
IS, AUDI,222,6866
IF, AUDI,140,6866
MM, AUDI,230,6866
MH, AUDI,98,6866
MS, AUDI,235,6866
NT, AUDI,163,6866
OT, AUDI,113,6866
PH, AUDI,191,6866
SJ, AUDI,169,6866
SM, AUDI,135,6866
SB, AUDI,169,6866
SV, AUDI,320,6866
TR, AUDI,66,6866
TM, AUDI,218,6866
TL, AUDI,49,6866
VS, AUDI,110,6866
VL, AUDI,139,6866
VN, AUDI,106,6866
AB, BAIC,0,1
AR, BAIC,0,1
AG, BAIC,0,1
BC, BAIC,0,1
BH, BAIC,0,1
BN, BAIC,0,1
BT, BAIC,0,1
BR, BAIC,0,1
BV, BAIC,0,1
B, BAIC,0,1
BZ, BAIC,0,1
CL, BAIC,0,1
CS, BAIC,0,1
CJ, BAIC,0,1
CT, BAIC,0,1
CV, BAIC,0,1
DB, BAIC,0,1
DJ, BAIC,0,1
GL, BAIC,0,1
GR, BAIC,0,1
GJ, BAIC,0,1
HR, BAIC,0,1
HD, BAIC,0,1
IL, BAIC,0,1
IS, BAIC,0,1
IF, BAIC,0,1
MM, BAIC,0,1
MH, BAIC,0,1
MS, BAIC,0,1
NT, BAIC,1,1
OT, BAIC,0,1
PH, BAIC,0,1
SJ, BAIC,0,1
SM, BAIC,0,1
SB, BAIC,0,1
SV, BAIC,0,1
TR, BAIC,0,1
TM, BAIC,0,1
TL, BAIC,0,1
VS, BAIC,0,1
VL, BAIC,0,1
VN, BAIC,0,1
AB, BENTLEY,0,11
AR, BENTLEY,0,11
AG, BENTLEY,0,11
BC, BENTLEY,0,11
BH, BENTLEY,0,11
BN, BENTLEY,0,11
BT, BENTLEY,0,11
BR, BENTLEY,0,11
BV, BENTLEY,1,11
B, BENTLEY,4,11
BZ, BENTLEY,0,11
CL, BENTLEY,0,11
CS, BENTLEY,0,11
CJ, BENTLEY,0,11
CT, BENTLEY,3,11
CV, BENTLEY,0,11
DB, BENTLEY,0,11
DJ, BENTLEY,0,11
GL, BENTLEY,0,11
GR, BENTLEY,0,11
GJ, BENTLEY,0,11
HR, BENTLEY,0,11
HD, BENTLEY,0,11
IL, BENTLEY,0,11
IS, BENTLEY,0,11
IF, BENTLEY,1,11
MM, BENTLEY,0,11
MH, BENTLEY,0,11
MS, BENTLEY,1,11
NT, BENTLEY,0,11
OT, BENTLEY,0,11
PH, BENTLEY,0,11
SJ, BENTLEY,0,11
SM, BENTLEY,0,11
SB, BENTLEY,0,11
SV, BENTLEY,0,11
TR, BENTLEY,0,11
TM, BENTLEY,1,11
TL, BENTLEY,0,11
VS, BENTLEY,0,11
VL, BENTLEY,0,11
VN, BENTLEY,0,11
AB, BMW,115,7611
AR, BMW,203,7611
AG, BMW,342,7611
BC, BMW,195,7611
BH, BMW,214,7611
BN, BMW,130,7611
BT, BMW,117,7611
BR, BMW,106,7611
BV, BMW,196,7611
B, BMW,1190,7611
BZ, BMW,103,7611
CL, BMW,70,7611
CS, BMW,85,7611
CJ, BMW,278,7611
CT, BMW,273,7611
CV, BMW,25,7611
DB, BMW,150,7611
DJ, BMW,341,7611
GL, BMW,156,7611
GR, BMW,108,7611
GJ, BMW,188,7611
HR, BMW,55,7611
HD, BMW,144,7611
IL, BMW,92,7611
IS, BMW,214,7611
IF, BMW,276,7611
MM, BMW,150,7611
MH, BMW,106,7611
MS, BMW,164,7611
NT, BMW,99,7611
OT, BMW,163,7611
PH, BMW,239,7611
SJ, BMW,168,7611
SM, BMW,106,7611
SB, BMW,169,7611
SV, BMW,196,7611
TR, BMW,98,7611
TM, BMW,262,7611
TL, BMW,49,7611
VS, BMW,96,7611
VL, BMW,160,7611
VN, BMW,82,7611
AB, BUICK,0,1
AR, BUICK,0,1
AG, BUICK,0,1
BC, BUICK,0,1
BH, BUICK,0,1
BN, BUICK,0,1
BT, BUICK,0,1
BR, BUICK,0,1
BV, BUICK,0,1
B, BUICK,0,1
BZ, BUICK,0,1
CL, BUICK,0,1
CS, BUICK,0,1
CJ, BUICK,0,1
CT, BUICK,0,1
CV, BUICK,0,1
DB, BUICK,0,1
DJ, BUICK,1,1
GL, BUICK,0,1
GR, BUICK,0,1
GJ, BUICK,0,1
HR, BUICK,0,1
HD, BUICK,0,1
IL, BUICK,0,1
IS, BUICK,0,1
IF, BUICK,0,1
MM, BUICK,0,1
MH, BUICK,0,1
MS, BUICK,0,1
NT, BUICK,0,1
OT, BUICK,0,1
PH, BUICK,0,1
SJ, BUICK,0,1
SM, BUICK,0,1
SB, BUICK,0,1
SV, BUICK,0,1
TR, BUICK,0,1
TM, BUICK,0,1
TL, BUICK,0,1
VS, BUICK,0,1
VL, BUICK,0,1
VN, BUICK,0,1
AB, CADILLAC,0,6
AR, CADILLAC,0,6
AG, CADILLAC,0,6
BC, CADILLAC,0,6
BH, CADILLAC,0,6
BN, CADILLAC,0,6
BT, CADILLAC,0,6
BR, CADILLAC,0,6
BV, CADILLAC,1,6
B, CADILLAC,3,6
BZ, CADILLAC,0,6
CL, CADILLAC,0,6
CS, CADILLAC,0,6
CJ, CADILLAC,0,6
CT, CADILLAC,0,6
CV, CADILLAC,0,6
DB, CADILLAC,0,6
DJ, CADILLAC,0,6
GL, CADILLAC,0,6
GR, CADILLAC,0,6
GJ, CADILLAC,0,6
HR, CADILLAC,0,6
HD, CADILLAC,0,6
IL, CADILLAC,0,6
IS, CADILLAC,0,6
IF, CADILLAC,1,6
MM, CADILLAC,0,6
MH, CADILLAC,0,6
MS, CADILLAC,0,6
NT, CADILLAC,0,6
OT, CADILLAC,0,6
PH, CADILLAC,0,6
SJ, CADILLAC,1,6
SM, CADILLAC,0,6
SB, CADILLAC,1,6
SV, CADILLAC,0,6
TR, CADILLAC,0,6
TM, CADILLAC,0,6
TL, CADILLAC,0,6
VS, CADILLAC,0,6
VL, CADILLAC,0,6
VN, CADILLAC,0,6
AB, CAMI,0,3
AR, CAMI,0,3
AG, CAMI,0,3
BC, CAMI,0,3
BH, CAMI,0,3
BN, CAMI,0,3
BT, CAMI,0,3
BR, CAMI,0,3
BV, CAMI,0,3
B, CAMI,0,3
BZ, CAMI,0,3
CL, CAMI,0,3
CS, CAMI,1,3
CJ, CAMI,0,3
CT, CAMI,0,3
CV, CAMI,0,3
DB, CAMI,0,3
DJ, CAMI,0,3
GL, CAMI,0,3
GR, CAMI,0,3
GJ, CAMI,0,3
HR, CAMI,0,3
HD, CAMI,1,3
IL, CAMI,0,3
IS, CAMI,0,3
IF, CAMI,0,3
MM, CAMI,0,3
MH, CAMI,0,3
MS, CAMI,1,3
NT, CAMI,0,3
OT, CAMI,0,3
PH, CAMI,0,3
SJ, CAMI,0,3
SM, CAMI,0,3
SB, CAMI,0,3
SV, CAMI,0,3
TR, CAMI,0,3
TM, CAMI,0,3
TL, CAMI,0,3
VS, CAMI,0,3
VL, CAMI,0,3
VN, CAMI,0,3
AB, CHEVROLET,4,435
AR, CHEVROLET,10,435
AG, CHEVROLET,15,435
BC, CHEVROLET,9,435
BH, CHEVROLET,10,435
BN, CHEVROLET,5,435
BT, CHEVROLET,4,435
BR, CHEVROLET,15,435
BV, CHEVROLET,17,435
B, CHEVROLET,60,435
BZ, CHEVROLET,8,435
CL, CHEVROLET,7,435
CS, CHEVROLET,4,435
CJ, CHEVROLET,10,435
CT, CHEVROLET,10,435
CV, CHEVROLET,6,435
DB, CHEVROLET,7,435
DJ, CHEVROLET,18,435
GL, CHEVROLET,12,435
GR, CHEVROLET,12,435
GJ, CHEVROLET,6,435
HR, CHEVROLET,3,435
HD, CHEVROLET,8,435
IL, CHEVROLET,3,435
IS, CHEVROLET,16,435
IF, CHEVROLET,23,435
MM, CHEVROLET,10,435
MH, CHEVROLET,6,435
MS, CHEVROLET,13,435
NT, CHEVROLET,9,435
OT, CHEVROLET,8,435
PH, CHEVROLET,14,435
SJ, CHEVROLET,12,435
SM, CHEVROLET,4,435
SB, CHEVROLET,12,435
SV, CHEVROLET,3,435
TR, CHEVROLET,2,435
TM, CHEVROLET,26,435
TL, CHEVROLET,6,435
VS, CHEVROLET,6,435
VL, CHEVROLET,6,435
VN, CHEVROLET,3,435
AB, CHRYSLER,2,43
AR, CHRYSLER,0,43
AG, CHRYSLER,1,43
BC, CHRYSLER,1,43
BH, CHRYSLER,1,43
BN, CHRYSLER,2,43
BT, CHRYSLER,0,43
BR, CHRYSLER,0,43
BV, CHRYSLER,0,43
B, CHRYSLER,5,43
BZ, CHRYSLER,0,43
CL, CHRYSLER,0,43
CS, CHRYSLER,1,43
CJ, CHRYSLER,2,43
CT, CHRYSLER,1,43
CV, CHRYSLER,0,43
DB, CHRYSLER,1,43
DJ, CHRYSLER,1,43
GL, CHRYSLER,2,43
GR, CHRYSLER,0,43
GJ, CHRYSLER,1,43
HR, CHRYSLER,0,43
HD, CHRYSLER,0,43
IL, CHRYSLER,0,43
IS, CHRYSLER,0,43
IF, CHRYSLER,0,43
MM, CHRYSLER,1,43
MH, CHRYSLER,1,43
MS, CHRYSLER,1,43
NT, CHRYSLER,1,43
OT, CHRYSLER,3,43
PH, CHRYSLER,0,43
SJ, CHRYSLER,2,43
SM, CHRYSLER,1,43
SB, CHRYSLER,2,43
SV, CHRYSLER,4,43
TR, CHRYSLER,1,43
TM, CHRYSLER,2,43
TL, CHRYSLER,1,43
VS, CHRYSLER,2,43
VL, CHRYSLER,1,43
VN, CHRYSLER,1,43
AB, CITROEN,14,933
AR, CITROEN,28,933
AG, CITROEN,34,933
BC, CITROEN,19,933
BH, CITROEN,27,933
BN, CITROEN,11,933
BT, CITROEN,8,933
BR, CITROEN,11,933
BV, CITROEN,37,933
B, CITROEN,152,933
BZ, CITROEN,17,933
CL, CITROEN,2,933
CS, CITROEN,9,933
CJ, CITROEN,36,933
CT, CITROEN,33,933
CV, CITROEN,6,933
DB, CITROEN,15,933
DJ, CITROEN,20,933
GL, CITROEN,19,933
GR, CITROEN,9,933
GJ, CITROEN,11,933
HR, CITROEN,9,933
HD, CITROEN,14,933
IL, CITROEN,10,933
IS, CITROEN,26,933
IF, CITROEN,30,933
MM, CITROEN,43,933
MH, CITROEN,11,933
MS, CITROEN,29,933
NT, CITROEN,23,933
OT, CITROEN,11,933
PH, CITROEN,36,933
SJ, CITROEN,12,933
SM, CITROEN,20,933
SB, CITROEN,13,933
SV, CITROEN,22,933
TR, CITROEN,13,933
TM, CITROEN,45,933
TL, CITROEN,7,933
VS, CITROEN,12,933
VL, CITROEN,13,933
VN, CITROEN,12,933
AB, CITROEN-DS,0,1
AR, CITROEN-DS,0,1
AG, CITROEN-DS,0,1
BC, CITROEN-DS,0,1
BH, CITROEN-DS,0,1
BN, CITROEN-DS,0,1
BT, CITROEN-DS,0,1
BR, CITROEN-DS,0,1
BV, CITROEN-DS,0,1
B, CITROEN-DS,0,1
BZ, CITROEN-DS,0,1
CL, CITROEN-DS,0,1
CS, CITROEN-DS,0,1
CJ, CITROEN-DS,0,1
CT, CITROEN-DS,0,1
CV, CITROEN-DS,0,1
DB, CITROEN-DS,0,1
DJ, CITROEN-DS,0,1
GL, CITROEN-DS,0,1
GR, CITROEN-DS,0,1
GJ, CITROEN-DS,0,1
HR, CITROEN-DS,0,1
HD, CITROEN-DS,0,1
IL, CITROEN-DS,0,1
IS, CITROEN-DS,0,1
IF, CITROEN-DS,1,1
MM, CITROEN-DS,0,1
MH, CITROEN-DS,0,1
MS, CITROEN-DS,0,1
NT, CITROEN-DS,0,1
OT, CITROEN-DS,0,1
PH, CITROEN-DS,0,1
SJ, CITROEN-DS,0,1
SM, CITROEN-DS,0,1
SB, CITROEN-DS,0,1
SV, CITROEN-DS,0,1
TR, CITROEN-DS,0,1
TM, CITROEN-DS,0,1
TL, CITROEN-DS,0,1
VS, CITROEN-DS,0,1
VL, CITROEN-DS,0,1
VN, CITROEN-DS,0,1
AB, CUPRA,0,35
AR, CUPRA,0,35
AG, CUPRA,0,35
BC, CUPRA,2,35
BH, CUPRA,0,35
BN, CUPRA,0,35
BT, CUPRA,0,35
BR, CUPRA,0,35
BV, CUPRA,0,35
B, CUPRA,17,35
BZ, CUPRA,0,35
CL, CUPRA,1,35
CS, CUPRA,0,35
CJ, CUPRA,3,35
CT, CUPRA,2,35
CV, CUPRA,0,35
DB, CUPRA,0,35
DJ, CUPRA,0,35
GL, CUPRA,0,35
GR, CUPRA,0,35
GJ, CUPRA,0,35
HR, CUPRA,1,35
HD, CUPRA,1,35
IL, CUPRA,0,35
IS, CUPRA,2,35
IF, CUPRA,2,35
MM, CUPRA,0,35
MH, CUPRA,0,35
MS, CUPRA,2,35
NT, CUPRA,0,35
OT, CUPRA,0,35
PH, CUPRA,0,35
SJ, CUPRA,0,35
SM, CUPRA,0,35
SB, CUPRA,0,35
SV, CUPRA,0,35
TR, CUPRA,0,35
TM, CUPRA,1,35
TL, CUPRA,0,35
VS, CUPRA,0,35
VL, CUPRA,0,35
VN, CUPRA,0,35
AB, DACIA,185,11080
AR, DACIA,153,11080
AG, DACIA,677,11080
BC, DACIA,230,11080
BH, DACIA,292,11080
BN, DACIA,92,11080
BT, DACIA,68,11080
BR, DACIA,110,11080
BV, DACIA,294,11080
B, DACIA,3052,11080
BZ, DACIA,138,11080
CL, DACIA,104,11080
CS, DACIA,86,11080
CJ, DACIA,314,11080
CT, DACIA,270,11080
CV, DACIA,69,11080
DB, DACIA,215,11080
DJ, DACIA,285,11080
GL, DACIA,208,11080
GR, DACIA,148,11080
GJ, DACIA,155,11080
HR, DACIA,225,11080
HD, DACIA,200,11080
IL, DACIA,96,11080
IS, DACIA,320,11080
IF, DACIA,522,11080
MM, DACIA,190,11080
MH, DACIA,66,11080
MS, DACIA,217,11080
NT, DACIA,136,11080
OT, DACIA,197,11080
PH, DACIA,286,11080
SJ, DACIA,149,11080
SM, DACIA,111,11080
SB, DACIA,209,11080
SV, DACIA,157,11080
TR, DACIA,149,11080
TM, DACIA,280,11080
TL, DACIA,95,11080
VS, DACIA,99,11080
VL, DACIA,176,11080
VN, DACIA,132,11080
AB, DAEWOO,1,268
AR, DAEWOO,6,268
AG, DAEWOO,13,268
BC, DAEWOO,8,268
BH, DAEWOO,9,268
BN, DAEWOO,0,268
BT, DAEWOO,0,268
BR, DAEWOO,0,268
BV, DAEWOO,2,268
B, DAEWOO,27,268
BZ, DAEWOO,4,268
CL, DAEWOO,3,268
CS, DAEWOO,3,268
CJ, DAEWOO,3,268
CT, DAEWOO,19,268
CV, DAEWOO,2,268
DB, DAEWOO,8,268
DJ, DAEWOO,36,268
GL, DAEWOO,5,268
GR, DAEWOO,3,268
GJ, DAEWOO,11,268
HR, DAEWOO,7,268
HD, DAEWOO,2,268
IL, DAEWOO,7,268
IS, DAEWOO,7,268
IF, DAEWOO,3,268
MM, DAEWOO,0,268
MH, DAEWOO,6,268
MS, DAEWOO,2,268
NT, DAEWOO,2,268
OT, DAEWOO,14,268
PH, DAEWOO,7,268
SJ, DAEWOO,2,268
SM, DAEWOO,3,268
SB, DAEWOO,2,268
SV, DAEWOO,0,268
TR, DAEWOO,5,268
TM, DAEWOO,5,268
TL, DAEWOO,7,268
VS, DAEWOO,5,268
VL, DAEWOO,7,268
VN, DAEWOO,12,268
AB, DAIHATSU,4,87
AR, DAIHATSU,5,87
AG, DAIHATSU,3,87
BC, DAIHATSU,2,87
BH, DAIHATSU,5,87
BN, DAIHATSU,3,87
BT, DAIHATSU,0,87
BR, DAIHATSU,0,87
BV, DAIHATSU,4,87
B, DAIHATSU,1,87
BZ, DAIHATSU,1,87
CL, DAIHATSU,0,87
CS, DAIHATSU,3,87
CJ, DAIHATSU,4,87
CT, DAIHATSU,0,87
CV, DAIHATSU,2,87
DB, DAIHATSU,0,87
DJ, DAIHATSU,1,87
GL, DAIHATSU,0,87
GR, DAIHATSU,0,87
GJ, DAIHATSU,1,87
HR, DAIHATSU,15,87
HD, DAIHATSU,1,87
IL, DAIHATSU,1,87
IS, DAIHATSU,4,87
IF, DAIHATSU,1,87
MM, DAIHATSU,7,87
MH, DAIHATSU,0,87
MS, DAIHATSU,3,87
NT, DAIHATSU,1,87
OT, DAIHATSU,0,87
PH, DAIHATSU,3,87
SJ, DAIHATSU,4,87
SM, DAIHATSU,2,87
SB, DAIHATSU,4,87
SV, DAIHATSU,0,87
TR, DAIHATSU,0,87
TM, DAIHATSU,3,87
TL, DAIHATSU,0,87
VS, DAIHATSU,0,87
VL, DAIHATSU,0,87
VN, DAIHATSU,2,87
AB, DFSK,0,1
AR, DFSK,0,1
AG, DFSK,0,1
BC, DFSK,0,1
BH, DFSK,0,1
BN, DFSK,0,1
BT, DFSK,0,1
BR, DFSK,0,1
BV, DFSK,0,1
B, DFSK,0,1
BZ, DFSK,0,1
CL, DFSK,0,1
CS, DFSK,0,1
CJ, DFSK,0,1
CT, DFSK,0,1
CV, DFSK,0,1
DB, DFSK,0,1
DJ, DFSK,0,1
GL, DFSK,0,1
GR, DFSK,0,1
GJ, DFSK,0,1
HR, DFSK,0,1
HD, DFSK,0,1
IL, DFSK,0,1
IS, DFSK,0,1
IF, DFSK,0,1
MM, DFSK,0,1
MH, DFSK,0,1
MS, DFSK,1,1
NT, DFSK,0,1
OT, DFSK,0,1
PH, DFSK,0,1
SJ, DFSK,0,1
SM, DFSK,0,1
SB, DFSK,0,1
SV, DFSK,0,1
TR, DFSK,0,1
TM, DFSK,0,1
TL, DFSK,0,1
VS, DFSK,0,1
VL, DFSK,0,1
VN, DFSK,0,1
AB, DODGE,3,54
AR, DODGE,2,54
AG, DODGE,3,54
BC, DODGE,1,54
BH, DODGE,0,54
BN, DODGE,3,54
BT, DODGE,1,54
BR, DODGE,2,54
BV, DODGE,2,54
B, DODGE,5,54
BZ, DODGE,1,54
CL, DODGE,0,54
CS, DODGE,0,54
CJ, DODGE,2,54
CT, DODGE,3,54
CV, DODGE,0,54
DB, DODGE,0,54
DJ, DODGE,2,54
GL, DODGE,2,54
GR, DODGE,0,54
GJ, DODGE,0,54
HR, DODGE,0,54
HD, DODGE,1,54
IL, DODGE,0,54
IS, DODGE,3,54
IF, DODGE,2,54
MM, DODGE,1,54
MH, DODGE,0,54
MS, DODGE,1,54
NT, DODGE,1,54
OT, DODGE,0,54
PH, DODGE,2,54
SJ, DODGE,0,54
SM, DODGE,1,54
SB, DODGE,0,54
SV, DODGE,4,54
TR, DODGE,0,54
TM, DODGE,2,54
TL, DODGE,1,54
VS, DODGE,0,54
VL, DODGE,2,54
VN, DODGE,0,54
AB, DR,0,1
AR, DR,0,1
AG, DR,0,1
BC, DR,0,1
BH, DR,0,1
BN, DR,0,1
BT, DR,0,1
BR, DR,0,1
BV, DR,0,1
B, DR,0,1
BZ, DR,0,1
CL, DR,0,1
CS, DR,0,1
CJ, DR,1,1
CT, DR,0,1
CV, DR,0,1
DB, DR,0,1
DJ, DR,0,1
GL, DR,0,1
GR, DR,0,1
GJ, DR,0,1
HR, DR,0,1
HD, DR,0,1
IL, DR,0,1
IS, DR,0,1
IF, DR,0,1
MM, DR,0,1
MH, DR,0,1
MS, DR,0,1
NT, DR,0,1
OT, DR,0,1
PH, DR,0,1
SJ, DR,0,1
SM, DR,0,1
SB, DR,0,1
SV, DR,0,1
TR, DR,0,1
TM, DR,0,1
TL, DR,0,1
VS, DR,0,1
VL, DR,0,1
VN, DR,0,1
AB, DRAGASANI,0,1
AR, DRAGASANI,0,1
AG, DRAGASANI,0,1
BC, DRAGASANI,0,1
BH, DRAGASANI,0,1
BN, DRAGASANI,0,1
BT, DRAGASANI,0,1
BR, DRAGASANI,0,1
BV, DRAGASANI,0,1
B, DRAGASANI,0,1
BZ, DRAGASANI,0,1
CL, DRAGASANI,0,1
CS, DRAGASANI,0,1
CJ, DRAGASANI,0,1
CT, DRAGASANI,0,1
CV, DRAGASANI,0,1
DB, DRAGASANI,0,1
DJ, DRAGASANI,0,1
GL, DRAGASANI,0,1
GR, DRAGASANI,0,1
GJ, DRAGASANI,0,1
HR, DRAGASANI,0,1
HD, DRAGASANI,0,1
IL, DRAGASANI,0,1
IS, DRAGASANI,0,1
IF, DRAGASANI,0,1
MM, DRAGASANI,0,1
MH, DRAGASANI,0,1
MS, DRAGASANI,0,1
NT, DRAGASANI,0,1
OT, DRAGASANI,1,1
PH, DRAGASANI,0,1
SJ, DRAGASANI,0,1
SM, DRAGASANI,0,1
SB, DRAGASANI,0,1
SV, DRAGASANI,0,1
TR, DRAGASANI,0,1
TM, DRAGASANI,0,1
TL, DRAGASANI,0,1
VS, DRAGASANI,0,1
VL, DRAGASANI,0,1
VN, DRAGASANI,0,1
AB, DS,0,16
AR, DS,0,16
AG, DS,1,16
BC, DS,0,16
BH, DS,0,16
BN, DS,1,16
BT, DS,0,16
BR, DS,0,16
BV, DS,1,16
B, DS,8,16
BZ, DS,0,16
CL, DS,0,16
CS, DS,1,16
CJ, DS,1,16
CT, DS,0,16
CV, DS,0,16
DB, DS,1,16
DJ, DS,0,16
GL, DS,0,16
GR, DS,0,16
GJ, DS,0,16
HR, DS,0,16
HD, DS,0,16
IL, DS,0,16
IS, DS,0,16
IF, DS,0,16
MM, DS,0,16
MH, DS,0,16
MS, DS,0,16
NT, DS,0,16
OT, DS,0,16
PH, DS,0,16
SJ, DS,0,16
SM, DS,0,16
SB, DS,0,16
SV, DS,0,16
TR, DS,0,16
TM, DS,2,16
TL, DS,0,16
VS, DS,0,16
VL, DS,0,16
VN, DS,0,16
AB, FENDT,0,1
AR, FENDT,0,1
AG, FENDT,0,1
BC, FENDT,0,1
BH, FENDT,0,1
BN, FENDT,0,1
BT, FENDT,0,1
BR, FENDT,0,1
BV, FENDT,0,1
B, FENDT,0,1
BZ, FENDT,0,1
CL, FENDT,0,1
CS, FENDT,0,1
CJ, FENDT,0,1
CT, FENDT,0,1
CV, FENDT,0,1
DB, FENDT,0,1
DJ, FENDT,0,1
GL, FENDT,0,1
GR, FENDT,0,1
GJ, FENDT,0,1
HR, FENDT,0,1
HD, FENDT,0,1
IL, FENDT,0,1
IS, FENDT,0,1
IF, FENDT,0,1
MM, FENDT,0,1
MH, FENDT,0,1
MS, FENDT,0,1
NT, FENDT,0,1
OT, FENDT,0,1
PH, FENDT,1,1
SJ, FENDT,0,1
SM, FENDT,0,1
SB, FENDT,0,1
SV, FENDT,0,1
TR, FENDT,0,1
TM, FENDT,0,1
TL, FENDT,0,1
VS, FENDT,0,1
VL, FENDT,0,1
VN, FENDT,0,1
AB, FERRARI,0,5
AR, FERRARI,0,5
AG, FERRARI,0,5
BC, FERRARI,0,5
BH, FERRARI,0,5
BN, FERRARI,0,5
BT, FERRARI,0,5
BR, FERRARI,0,5
BV, FERRARI,0,5
B, FERRARI,2,5
BZ, FERRARI,0,5
CL, FERRARI,0,5
CS, FERRARI,0,5
CJ, FERRARI,0,5
CT, FERRARI,0,5
CV, FERRARI,0,5
DB, FERRARI,0,5
DJ, FERRARI,0,5
GL, FERRARI,0,5
GR, FERRARI,0,5
GJ, FERRARI,1,5
HR, FERRARI,0,5
HD, FERRARI,0,5
IL, FERRARI,0,5
IS, FERRARI,0,5
IF, FERRARI,0,5
MM, FERRARI,0,5
MH, FERRARI,0,5
MS, FERRARI,0,5
NT, FERRARI,0,5
OT, FERRARI,0,5
PH, FERRARI,1,5
SJ, FERRARI,0,5
SM, FERRARI,0,5
SB, FERRARI,0,5
SV, FERRARI,0,5
TR, FERRARI,0,5
TM, FERRARI,1,5
TL, FERRARI,0,5
VS, FERRARI,0,5
VL, FERRARI,0,5
VN, FERRARI,0,5
AB, FIAT,19,998
AR, FIAT,21,998
AG, FIAT,21,998
BC, FIAT,25,998
BH, FIAT,35,998
BN, FIAT,6,998
BT, FIAT,11,998
BR, FIAT,10,998
BV, FIAT,33,998
B, FIAT,141,998
BZ, FIAT,11,998
CL, FIAT,13,998
CS, FIAT,19,998
CJ, FIAT,109,998
CT, FIAT,24,998
CV, FIAT,5,998
DB, FIAT,22,998
DJ, FIAT,20,998
GL, FIAT,25,998
GR, FIAT,15,998
GJ, FIAT,13,998
HR, FIAT,12,998
HD, FIAT,19,998
IL, FIAT,12,998
IS, FIAT,27,998
IF, FIAT,19,998
MM, FIAT,23,998
MH, FIAT,12,998
MS, FIAT,16,998
NT, FIAT,26,998
OT, FIAT,13,998
PH, FIAT,35,998
SJ, FIAT,15,998
SM, FIAT,15,998
SB, FIAT,16,998
SV, FIAT,26,998
TR, FIAT,10,998
TM, FIAT,40,998
TL, FIAT,6,998
VS, FIAT,19,998
VL, FIAT,24,998
VN, FIAT,23,998
AB, FORD,89,5781
AR, FORD,138,5781
AG, FORD,104,5781
BC, FORD,166,5781
BH, FORD,220,5781
BN, FORD,96,5781
BT, FORD,71,5781
BR, FORD,98,5781
BV, FORD,120,5781
B, FORD,1009,5781
BZ, FORD,87,5781
CL, FORD,60,5781
CS, FORD,81,5781
CJ, FORD,306,5781
CT, FORD,163,5781
CV, FORD,43,5781
DB, FORD,120,5781
DJ, FORD,165,5781
GL, FORD,115,5781
GR, FORD,62,5781
GJ, FORD,96,5781
HR, FORD,74,5781
HD, FORD,117,5781
IL, FORD,51,5781
IS, FORD,185,5781
IF, FORD,180,5781
MM, FORD,158,5781
MH, FORD,58,5781
MS, FORD,133,5781
NT, FORD,102,5781
OT, FORD,100,5781
PH, FORD,235,5781
SJ, FORD,100,5781
SM, FORD,106,5781
SB, FORD,103,5781
SV, FORD,126,5781
TR, FORD,71,5781
TM, FORD,178,5781
TL, FORD,41,5781
VS, FORD,73,5781
VL, FORD,124,5781
VN, FORD,93,5781
AB, GWM,0,2
AR, GWM,0,2
AG, GWM,0,2
BC, GWM,0,2
BH, GWM,0,2
BN, GWM,0,2
BT, GWM,0,2
BR, GWM,0,2
BV, GWM,0,2
B, GWM,0,2
BZ, GWM,0,2
CL, GWM,0,2
CS, GWM,0,2
CJ, GWM,0,2
CT, GWM,1,2
CV, GWM,0,2
DB, GWM,0,2
DJ, GWM,0,2
GL, GWM,0,2
GR, GWM,0,2
GJ, GWM,0,2
HR, GWM,1,2
HD, GWM,0,2
IL, GWM,0,2
IS, GWM,0,2
IF, GWM,0,2
MM, GWM,0,2
MH, GWM,0,2
MS, GWM,0,2
NT, GWM,0,2
OT, GWM,0,2
PH, GWM,0,2
SJ, GWM,0,2
SM, GWM,0,2
SB, GWM,0,2
SV, GWM,0,2
TR, GWM,0,2
TM, GWM,0,2
TL, GWM,0,2
VS, GWM,0,2
VL, GWM,0,2
VN, GWM,0,2
AB, HONDA,2,465
AR, HONDA,11,465
AG, HONDA,11,465
BC, HONDA,6,465
BH, HONDA,8,465
BN, HONDA,4,465
BT, HONDA,4,465
BR, HONDA,6,465
BV, HONDA,18,465
B, HONDA,138,465
BZ, HONDA,5,465
CL, HONDA,4,465
CS, HONDA,3,465
CJ, HONDA,10,465
CT, HONDA,20,465
CV, HONDA,5,465
DB, HONDA,9,465
DJ, HONDA,8,465
GL, HONDA,12,465
GR, HONDA,4,465
GJ, HONDA,6,465
HR, HONDA,8,465
HD, HONDA,8,465
IL, HONDA,3,465
IS, HONDA,17,465
IF, HONDA,24,465
MM, HONDA,5,465
MH, HONDA,1,465
MS, HONDA,6,465
NT, HONDA,9,465
OT, HONDA,4,465
PH, HONDA,17,465
SJ, HONDA,6,465
SM, HONDA,3,465
SB, HONDA,9,465
SV, HONDA,12,465
TR, HONDA,4,465
TM, HONDA,20,465
TL, HONDA,5,465
VS, HONDA,6,465
VL, HONDA,1,465
VN, HONDA,7,465
AB, HUMMER,0,2
AR, HUMMER,0,2
AG, HUMMER,0,2
BC, HUMMER,0,2
BH, HUMMER,0,2
BN, HUMMER,0,2
BT, HUMMER,0,2
BR, HUMMER,0,2
BV, HUMMER,0,2
B, HUMMER,0,2
BZ, HUMMER,0,2
CL, HUMMER,0,2
CS, HUMMER,0,2
CJ, HUMMER,0,2
CT, HUMMER,0,2
CV, HUMMER,0,2
DB, HUMMER,0,2
DJ, HUMMER,0,2
GL, HUMMER,0,2
GR, HUMMER,0,2
GJ, HUMMER,0,2
HR, HUMMER,0,2
HD, HUMMER,0,2
IL, HUMMER,0,2
IS, HUMMER,0,2
IF, HUMMER,0,2
MM, HUMMER,0,2
MH, HUMMER,0,2
MS, HUMMER,1,2
NT, HUMMER,0,2
OT, HUMMER,0,2
PH, HUMMER,0,2
SJ, HUMMER,0,2
SM, HUMMER,1,2
SB, HUMMER,0,2
SV, HUMMER,0,2
TR, HUMMER,0,2
TM, HUMMER,0,2
TL, HUMMER,0,2
VS, HUMMER,0,2
VL, HUMMER,0,2
VN, HUMMER,0,2
