AB, ALFA_ROMEO,3
AR, ALFA_ROMEO,14
AG, ALFA_ROMEO,4
BC, ALFA_ROMEO,8
BH, ALFA_ROMEO,10
BN, ALFA_ROMEO,0
BT, ALFA_ROMEO,4
BR, ALFA_ROMEO,4
BV, ALFA_ROMEO,7
B, ALFA_ROMEO,34
BZ, ALFA_ROMEO,6
CL, ALFA_ROMEO,2
CS, ALFA_ROMEO,2
CJ, ALFA_ROMEO,34
CT, ALFA_ROMEO,4
CV, ALFA_ROMEO,2
DB, ALFA_ROMEO,3
DJ, ALFA_ROMEO,12
GL, ALFA_ROMEO,11
GR, ALFA_ROMEO,0
GJ, ALFA_ROMEO,4
HR, ALFA_ROMEO,2
HD, ALFA_ROMEO,10
IL, ALFA_ROMEO,3
IS, ALFA_ROMEO,14
IF, ALFA_ROMEO,1
MM, ALFA_ROMEO,10
MH, ALFA_ROMEO,3
MS, ALFA_ROMEO,1
NT, ALFA_ROMEO,9
OT, ALFA_ROMEO,5
PH, ALFA_ROMEO,12
SJ, ALFA_ROMEO,6
SM, ALFA_ROMEO,5
SB, ALFA_ROMEO,6
SV, ALFA_ROMEO,13
TR, ALFA_ROMEO,2
TM, ALFA_ROMEO,9
TL, ALFA_ROMEO,3
VS, ALFA_ROMEO,3
VL, ALFA_ROMEO,8
VN, ALFA_ROMEO,5
AB, ALPINA,0
AR, ALPINA,0
AG, ALPINA,0
BC, ALPINA,0
BH, ALPINA,0
BN, ALPINA,0
BT, ALPINA,0
BR, ALPINA,0
BV, ALPINA,0
B, ALPINA,0
BZ, ALPINA,0
CL, ALPINA,0
CS, ALPINA,0
CJ, ALPINA,1
CT, ALPINA,0
CV, ALPINA,0
DB, ALPINA,0
DJ, ALPINA,0
GL, ALPINA,0
GR, ALPINA,0
GJ, ALPINA,1
HR, ALPINA,0
HD, ALPINA,0
IL, ALPINA,0
IS, ALPINA,0
IF, ALPINA,0
MM, ALPINA,0
MH, ALPINA,0
MS, ALPINA,0
NT, ALPINA,0
OT, ALPINA,0
PH, ALPINA,1
SJ, ALPINA,0
SM, ALPINA,0
SB, ALPINA,0
SV, ALPINA,0
TR, ALPINA,0
TM, ALPINA,0
TL, ALPINA,0
VS, ALPINA,0
VL, ALPINA,0
VN, ALPINA,0
AB, ARO,1
AR, ARO,0
AG, ARO,3
BC, ARO,0
BH, ARO,0
BN, ARO,0
BT, ARO,0
BR, ARO,0
BV, ARO,0
B, ARO,4
BZ, ARO,0
CL, ARO,0
CS, ARO,0
CJ, ARO,0
CT, ARO,0
CV, ARO,0
DB, ARO,0
DJ, ARO,0
GL, ARO,0
GR, ARO,0
GJ, ARO,0
HR, ARO,0
HD, ARO,0
IL, ARO,0
IS, ARO,0
IF, ARO,0
MM, ARO,0
MH, ARO,0
MS, ARO,0
NT, ARO,0
OT, ARO,1
PH, ARO,1
SJ, ARO,0
SM, ARO,0
SB, ARO,0
SV, ARO,1
TR, ARO,0
TM, ARO,0
TL, ARO,0
VS, ARO,0
VL, ARO,3
VN, ARO,0
AB, ASIA,0
AR, ASIA,0
AG, ASIA,0
BC, ASIA,0
BH, ASIA,0
BN, ASIA,0
BT, ASIA,0
BR, ASIA,0
BV, ASIA,0
B, ASIA,0
BZ, ASIA,0
CL, ASIA,0
CS, ASIA,0
CJ, ASIA,0
CT, ASIA,0
CV, ASIA,0
DB, ASIA,0
DJ, ASIA,0
GL, ASIA,0
GR, ASIA,0
GJ, ASIA,0
HR, ASIA,0
HD, ASIA,0
IL, ASIA,0
IS, ASIA,0
IF, ASIA,0
MM, ASIA,1
MH, ASIA,0
MS, ASIA,0
NT, ASIA,0
OT, ASIA,0
PH, ASIA,0
SJ, ASIA,0
SM, ASIA,0
SB, ASIA,0
SV, ASIA,0
TR, ASIA,0
TM, ASIA,0
TL, ASIA,0
VS, ASIA,0
VL, ASIA,0
VN, ASIA,0
AB, ASTON_MARTIN,0
AR, ASTON_MARTIN,0
AG, ASTON_MARTIN,0
BC, ASTON_MARTIN,0
BH, ASTON_MARTIN,0
BN, ASTON_MARTIN,0
BT, ASTON_MARTIN,0
BR, ASTON_MARTIN,0
BV, ASTON_MARTIN,0
B, ASTON_MARTIN,1
BZ, ASTON_MARTIN,0
CL, ASTON_MARTIN,0
CS, ASTON_MARTIN,0
CJ, ASTON_MARTIN,0
CT, ASTON_MARTIN,0
CV, ASTON_MARTIN,0
DB, ASTON_MARTIN,0
DJ, ASTON_MARTIN,0
GL, ASTON_MARTIN,0
GR, ASTON_MARTIN,0
GJ, ASTON_MARTIN,0
HR, ASTON_MARTIN,0
HD, ASTON_MARTIN,0
IL, ASTON_MARTIN,0
IS, ASTON_MARTIN,0
IF, ASTON_MARTIN,0
MM, ASTON_MARTIN,0
MH, ASTON_MARTIN,0
MS, ASTON_MARTIN,0
NT, ASTON_MARTIN,0
OT, ASTON_MARTIN,0
PH, ASTON_MARTIN,0
SJ, ASTON_MARTIN,0
SM, ASTON_MARTIN,0
SB, ASTON_MARTIN,0
SV, ASTON_MARTIN,0
TR, ASTON_MARTIN,0
TM, ASTON_MARTIN,0
TL, ASTON_MARTIN,0
VS, ASTON_MARTIN,0
VL, ASTON_MARTIN,0
VN, ASTON_MARTIN,0
AB, AUDI,161
AR, AUDI,233
AG, AUDI,177
BC, AUDI,156
BH, AUDI,276
BN, AUDI,158
BT, AUDI,167
BR, AUDI,84
BV, AUDI,199
B, AUDI,687
BZ, AUDI,93
CL, AUDI,57
CS, AUDI,111
CJ, AUDI,240
CT, AUDI,286
CV, AUDI,57
DB, AUDI,116
DJ, AUDI,172
GL, AUDI,182
GR, AUDI,68
GJ, AUDI,122
HR, AUDI,68
HD, AUDI,131
IL, AUDI,67
IS, AUDI,222
IF, AUDI,140
MM, AUDI,230
MH, AUDI,98
MS, AUDI,235
NT, AUDI,163
OT, AUDI,113
PH, AUDI,191
SJ, AUDI,169
SM, AUDI,135
SB, AUDI,169
SV, AUDI,320
TR, AUDI,66
TM, AUDI,218
TL, AUDI,49
VS, AUDI,110
VL, AUDI,139
VN, AUDI,106
AB, BAIC,0
AR, BAIC,0
AG, BAIC,0
BC, BAIC,0
BH, BAIC,0
BN, BAIC,0
BT, BAIC,0
BR, BAIC,0
BV, BAIC,0
B, BAIC,0
BZ, BAIC,0
CL, BAIC,0
CS, BAIC,0
CJ, BAIC,0
CT, BAIC,0
CV, BAIC,0
DB, BAIC,0
DJ, BAIC,0
GL, BAIC,0
GR, BAIC,0
GJ, BAIC,0
HR, BAIC,0
HD, BAIC,0
IL, BAIC,0
IS, BAIC,0
IF, BAIC,0
MM, BAIC,0
MH, BAIC,0
MS, BAIC,0
NT, BAIC,1
OT, BAIC,0
PH, BAIC,0
SJ, BAIC,0
SM, BAIC,0
SB, BAIC,0
SV, BAIC,0
TR, BAIC,0
TM, BAIC,0
TL, BAIC,0
VS, BAIC,0
VL, BAIC,0
VN, BAIC,0
AB, BENTLEY,0
AR, BENTLEY,0
AG, BENTLEY,0
BC, BENTLEY,0
BH, BENTLEY,0
BN, BENTLEY,0
BT, BENTLEY,0
BR, BENTLEY,0
BV, BENTLEY,1
B, BENTLEY,4
BZ, BENTLEY,0
CL, BENTLEY,0
CS, BENTLEY,0
CJ, BENTLEY,0
CT, BENTLEY,3
CV, BENTLEY,0
DB, BENTLEY,0
DJ, BENTLEY,0
GL, BENTLEY,0
GR, BENTLEY,0
GJ, BENTLEY,0
HR, BENTLEY,0
HD, BENTLEY,0
IL, BENTLEY,0
IS, BENTLEY,0
IF, BENTLEY,1
MM, BENTLEY,0
MH, BENTLEY,0
MS, BENTLEY,1
NT, BENTLEY,0
OT, BENTLEY,0
PH, BENTLEY,0
SJ, BENTLEY,0
SM, BENTLEY,0
SB, BENTLEY,0
SV, BENTLEY,0
TR, BENTLEY,0
TM, BENTLEY,1
TL, BENTLEY,0
VS, BENTLEY,0
VL, BENTLEY,0
VN, BENTLEY,0
AB, BMW,115
AR, BMW,203
AG, BMW,342
BC, BMW,195
BH, BMW,214
BN, BMW,130
BT, BMW,117
BR, BMW,106
BV, BMW,196
B, BMW,1190
BZ, BMW,103
CL, BMW,70
CS, BMW,85
CJ, BMW,278
CT, BMW,273
CV, BMW,25
DB, BMW,150
DJ, BMW,341
GL, BMW,156
GR, BMW,108
GJ, BMW,188
HR, BMW,55
HD, BMW,144
IL, BMW,92
IS, BMW,214
IF, BMW,276
MM, BMW,150
MH, BMW,106
MS, BMW,164
NT, BMW,99
OT, BMW,163
PH, BMW,239
SJ, BMW,168
SM, BMW,106
SB, BMW,169
SV, BMW,196
TR, BMW,98
TM, BMW,262
TL, BMW,49
VS, BMW,96
VL, BMW,160
VN, BMW,82
AB, BUICK,0
AR, BUICK,0
AG, BUICK,0
BC, BUICK,0
BH, BUICK,0
BN, BUICK,0
BT, BUICK,0
BR, BUICK,0
BV, BUICK,0
B, BUICK,0
BZ, BUICK,0
CL, BUICK,0
CS, BUICK,0
CJ, BUICK,0
CT, BUICK,0
CV, BUICK,0
DB, BUICK,0
DJ, BUICK,1
GL, BUICK,0
GR, BUICK,0
GJ, BUICK,0
HR, BUICK,0
HD, BUICK,0
IL, BUICK,0
IS, BUICK,0
IF, BUICK,0
MM, BUICK,0
MH, BUICK,0
MS, BUICK,0
NT, BUICK,0
OT, BUICK,0
PH, BUICK,0
SJ, BUICK,0
SM, BUICK,0
SB, BUICK,0
SV, BUICK,0
TR, BUICK,0
TM, BUICK,0
TL, BUICK,0
VS, BUICK,0
VL, BUICK,0
VN, BUICK,0
AB, CADILLAC,0
AR, CADILLAC,0
AG, CADILLAC,0
BC, CADILLAC,0
BH, CADILLAC,0
BN, CADILLAC,0
BT, CADILLAC,0
BR, CADILLAC,0
BV, CADILLAC,1
B, CADILLAC,3
BZ, CADILLAC,0
CL, CADILLAC,0
CS, CADILLAC,0
CJ, CADILLAC,0
CT, CADILLAC,0
CV, CADILLAC,0
DB, CADILLAC,0
DJ, CADILLAC,0
GL, CADILLAC,0
GR, CADILLAC,0
GJ, CADILLAC,0
HR, CADILLAC,0
HD, CADILLAC,0
IL, CADILLAC,0
IS, CADILLAC,0
IF, CADILLAC,1
MM, CADILLAC,0
MH, CADILLAC,0
MS, CADILLAC,0
NT, CADILLAC,0
OT, CADILLAC,0
PH, CADILLAC,0
SJ, CADILLAC,1
SM, CADILLAC,0
SB, CADILLAC,1
SV, CADILLAC,0
TR, CADILLAC,0
TM, CADILLAC,0
TL, CADILLAC,0
VS, CADILLAC,0
VL, CADILLAC,0
VN, CADILLAC,0
AB, CAMI,0
AR, CAMI,0
AG, CAMI,0
BC, CAMI,0
BH, CAMI,0
BN, CAMI,0
BT, CAMI,0
BR, CAMI,0
BV, CAMI,0
B, CAMI,0
BZ, CAMI,0
CL, CAMI,0
CS, CAMI,1
CJ, CAMI,0
CT, CAMI,0
CV, CAMI,0
DB, CAMI,0
DJ, CAMI,0
GL, CAMI,0
GR, CAMI,0
GJ, CAMI,0
HR, CAMI,0
HD, CAMI,1
IL, CAMI,0
IS, CAMI,0
IF, CAMI,0
MM, CAMI,0
MH, CAMI,0
MS, CAMI,1
NT, CAMI,0
OT, CAMI,0
PH, CAMI,0
SJ, CAMI,0
SM, CAMI,0
SB, CAMI,0
SV, CAMI,0
TR, CAMI,0
TM, CAMI,0
TL, CAMI,0
VS, CAMI,0
VL, CAMI,0
VN, CAMI,0
AB, CHEVROLET,4
AR, CHEVROLET,10
AG, CHEVROLET,15
BC, CHEVROLET,9
BH, CHEVROLET,10
BN, CHEVROLET,5
BT, CHEVROLET,4
BR, CHEVROLET,15
BV, CHEVROLET,17
B, CHEVROLET,60
BZ, CHEVROLET,8
CL, CHEVROLET,7
CS, CHEVROLET,4
CJ, CHEVROLET,10
CT, CHEVROLET,10
CV, CHEVROLET,6
DB, CHEVROLET,7
DJ, CHEVROLET,18
GL, CHEVROLET,12
GR, CHEVROLET,12
GJ, CHEVROLET,6
HR, CHEVROLET,3
HD, CHEVROLET,8
IL, CHEVROLET,3
IS, CHEVROLET,16
IF, CHEVROLET,23
MM, CHEVROLET,10
MH, CHEVROLET,6
MS, CHEVROLET,13
NT, CHEVROLET,9
OT, CHEVROLET,8
PH, CHEVROLET,14
SJ, CHEVROLET,12
SM, CHEVROLET,4
SB, CHEVROLET,12
SV, CHEVROLET,3
TR, CHEVROLET,2
TM, CHEVROLET,26
TL, CHEVROLET,6
VS, CHEVROLET,6
VL, CHEVROLET,6
VN, CHEVROLET,3
AB, CHRYSLER,2
AR, CHRYSLER,0
AG, CHRYSLER,1
BC, CHRYSLER,1
BH, CHRYSLER,1
BN, CHRYSLER,2
BT, CHRYSLER,0
BR, CHRYSLER,0
BV, CHRYSLER,0
B, CHRYSLER,5
BZ, CHRYSLER,0
CL, CHRYSLER,0
CS, CHRYSLER,1
CJ, CHRYSLER,2
CT, CHRYSLER,1
CV, CHRYSLER,0
DB, CHRYSLER,1
DJ, CHRYSLER,1
GL, CHRYSLER,2
GR, CHRYSLER,0
GJ, CHRYSLER,1
HR, CHRYSLER,0
HD, CHRYSLER,0
IL, CHRYSLER,0
IS, CHRYSLER,0
IF, CHRYSLER,0
MM, CHRYSLER,1
MH, CHRYSLER,1
MS, CHRYSLER,1
NT, CHRYSLER,1
OT, CHRYSLER,3
PH, CHRYSLER,0
SJ, CHRYSLER,2
SM, CHRYSLER,1
SB, CHRYSLER,2
SV, CHRYSLER,4
TR, CHRYSLER,1
TM, CHRYSLER,2
TL, CHRYSLER,1
VS, CHRYSLER,2
VL, CHRYSLER,1
VN, CHRYSLER,1
AB, CITROEN,14
AR, CITROEN,28
AG, CITROEN,34
BC, CITROEN,19
BH, CITROEN,27
BN, CITROEN,11
BT, CITROEN,8
BR, CITROEN,11
BV, CITROEN,37
B, CITROEN,152
BZ, CITROEN,17
CL, CITROEN,2
CS, CITROEN,9
CJ, CITROEN,36
CT, CITROEN,33
CV, CITROEN,6
DB, CITROEN,15
DJ, CITROEN,20
GL, CITROEN,19
GR, CITROEN,9
GJ, CITROEN,11
HR, CITROEN,9
HD, CITROEN,14
IL, CITROEN,10
IS, CITROEN,26
IF, CITROEN,30
MM, CITROEN,43
MH, CITROEN,11
MS, CITROEN,29
NT, CITROEN,23
OT, CITROEN,11
PH, CITROEN,36
SJ, CITROEN,12
SM, CITROEN,20
SB, CITROEN,13
SV, CITROEN,22
TR, CITROEN,13
TM, CITROEN,45
TL, CITROEN,7
VS, CITROEN,12
VL, CITROEN,13
VN, CITROEN,12
AB, CITROEN-DS,0
AR, CITROEN-DS,0
AG, CITROEN-DS,0
BC, CITROEN-DS,0
BH, CITROEN-DS,0
BN, CITROEN-DS,0
BT, CITROEN-DS,0
BR, CITROEN-DS,0
BV, CITROEN-DS,0
B, CITROEN-DS,0
BZ, CITROEN-DS,0
CL, CITROEN-DS,0
CS, CITROEN-DS,0
CJ, CITROEN-DS,0
CT, CITROEN-DS,0
CV, CITROEN-DS,0
DB, CITROEN-DS,0
DJ, CITROEN-DS,0
GL, CITROEN-DS,0
GR, CITROEN-DS,0
GJ, CITROEN-DS,0
HR, CITROEN-DS,0
HD, CITROEN-DS,0
IL, CITROEN-DS,0
IS, CITROEN-DS,0
IF, CITROEN-DS,1
MM, CITROEN-DS,0
MH, CITROEN-DS,0
MS, CITROEN-DS,0
NT, CITROEN-DS,0
OT, CITROEN-DS,0
PH, CITROEN-DS,0
SJ, CITROEN-DS,0
SM, CITROEN-DS,0
SB, CITROEN-DS,0
SV, CITROEN-DS,0
TR, CITROEN-DS,0
TM, CITROEN-DS,0
TL, CITROEN-DS,0
VS, CITROEN-DS,0
VL, CITROEN-DS,0
VN, CITROEN-DS,0
AB, CUPRA,0
AR, CUPRA,0
AG, CUPRA,0
BC, CUPRA,2
BH, CUPRA,0
BN, CUPRA,0
BT, CUPRA,0
BR, CUPRA,0
BV, CUPRA,0
B, CUPRA,17
BZ, CUPRA,0
CL, CUPRA,1
CS, CUPRA,0
CJ, CUPRA,3
CT, CUPRA,2
CV, CUPRA,0
DB, CUPRA,0
DJ, CUPRA,0
GL, CUPRA,0
GR, CUPRA,0
GJ, CUPRA,0
HR, CUPRA,1
HD, CUPRA,1
IL, CUPRA,0
IS, CUPRA,2
IF, CUPRA,2
MM, CUPRA,0
MH, CUPRA,0
MS, CUPRA,2
NT, CUPRA,0
OT, CUPRA,0
PH, CUPRA,0
SJ, CUPRA,0
SM, CUPRA,0
SB, CUPRA,0
SV, CUPRA,0
TR, CUPRA,0
TM, CUPRA,1
TL, CUPRA,0
VS, CUPRA,0
VL, CUPRA,0
VN, CUPRA,0
AB, DACIA,185
AR, DACIA,153
AG, DACIA,677
BC, DACIA,230
BH, DACIA,292
BN, DACIA,92
BT, DACIA,68
BR, DACIA,110
BV, DACIA,294
B, DACIA,3052
BZ, DACIA,138
CL, DACIA,104
CS, DACIA,86
CJ, DACIA,314
CT, DACIA,270
CV, DACIA,69
DB, DACIA,215
DJ, DACIA,285
GL, DACIA,208
GR, DACIA,148
GJ, DACIA,155
HR, DACIA,225
HD, DACIA,200
IL, DACIA,96
IS, DACIA,320
IF, DACIA,522
MM, DACIA,190
MH, DACIA,66
MS, DACIA,217
NT, DACIA,136
OT, DACIA,197
PH, DACIA,286
SJ, DACIA,149
SM, DACIA,111
SB, DACIA,209
SV, DACIA,157
TR, DACIA,149
TM, DACIA,280
TL, DACIA,95
VS, DACIA,99
VL, DACIA,176
VN, DACIA,132
AB, DAEWOO,1
AR, DAEWOO,6
AG, DAEWOO,13
BC, DAEWOO,8
BH, DAEWOO,9
BN, DAEWOO,0
BT, DAEWOO,0
BR, DAEWOO,0
BV, DAEWOO,2
B, DAEWOO,27
BZ, DAEWOO,4
CL, DAEWOO,3
CS, DAEWOO,3
CJ, DAEWOO,3
CT, DAEWOO,19
CV, DAEWOO,2
DB, DAEWOO,8
DJ, DAEWOO,36
GL, DAEWOO,5
GR, DAEWOO,3
GJ, DAEWOO,11
HR, DAEWOO,7
HD, DAEWOO,2
IL, DAEWOO,7
IS, DAEWOO,7
IF, DAEWOO,3
MM, DAEWOO,0
MH, DAEWOO,6
MS, DAEWOO,2
NT, DAEWOO,2
OT, DAEWOO,14
PH, DAEWOO,7
SJ, DAEWOO,2
SM, DAEWOO,3
SB, DAEWOO,2
SV, DAEWOO,0
TR, DAEWOO,5
TM, DAEWOO,5
TL, DAEWOO,7
VS, DAEWOO,5
VL, DAEWOO,7
VN, DAEWOO,12
AB, DAIHATSU,4
AR, DAIHATSU,5
AG, DAIHATSU,3
BC, DAIHATSU,2
BH, DAIHATSU,5
BN, DAIHATSU,3
BT, DAIHATSU,0
BR, DAIHATSU,0
BV, DAIHATSU,4
B, DAIHATSU,1
BZ, DAIHATSU,1
CL, DAIHATSU,0
CS, DAIHATSU,3
CJ, DAIHATSU,4
CT, DAIHATSU,0
CV, DAIHATSU,2
DB, DAIHATSU,0
DJ, DAIHATSU,1
GL, DAIHATSU,0
GR, DAIHATSU,0
GJ, DAIHATSU,1
HR, DAIHATSU,15
HD, DAIHATSU,1
IL, DAIHATSU,1
IS, DAIHATSU,4
IF, DAIHATSU,1
MM, DAIHATSU,7
MH, DAIHATSU,0
MS, DAIHATSU,3
NT, DAIHATSU,1
OT, DAIHATSU,0
PH, DAIHATSU,3
SJ, DAIHATSU,4
SM, DAIHATSU,2
SB, DAIHATSU,4
SV, DAIHATSU,0
TR, DAIHATSU,0
TM, DAIHATSU,3
TL, DAIHATSU,0
VS, DAIHATSU,0
VL, DAIHATSU,0
VN, DAIHATSU,2
AB, DFSK,0
AR, DFSK,0
AG, DFSK,0
BC, DFSK,0
BH, DFSK,0
BN, DFSK,0
BT, DFSK,0
BR, DFSK,0
BV, DFSK,0
B, DFSK,0
BZ, DFSK,0
CL, DFSK,0
CS, DFSK,0
CJ, DFSK,0
CT, DFSK,0
CV, DFSK,0
DB, DFSK,0
DJ, DFSK,0
GL, DFSK,0
GR, DFSK,0
GJ, DFSK,0
HR, DFSK,0
HD, DFSK,0
IL, DFSK,0
IS, DFSK,0
IF, DFSK,0
MM, DFSK,0
MH, DFSK,0
MS, DFSK,1
NT, DFSK,0
OT, DFSK,0
PH, DFSK,0
SJ, DFSK,0
SM, DFSK,0
SB, DFSK,0
SV, DFSK,0
TR, DFSK,0
TM, DFSK,0
TL, DFSK,0
VS, DFSK,0
VL, DFSK,0
VN, DFSK,0
AB, DODGE,3
AR, DODGE,2
AG, DODGE,3
BC, DODGE,1
BH, DODGE,0
BN, DODGE,3
BT, DODGE,1
BR, DODGE,2
BV, DODGE,2
B, DODGE,5
BZ, DODGE,1
CL, DODGE,0
CS, DODGE,0
CJ, DODGE,2
CT, DODGE,3
CV, DODGE,0
DB, DODGE,0
DJ, DODGE,2
GL, DODGE,2
GR, DODGE,0
GJ, DODGE,0
HR, DODGE,0
HD, DODGE,1
IL, DODGE,0
IS, DODGE,3
IF, DODGE,2
MM, DODGE,1
MH, DODGE,0
MS, DODGE,1
NT, DODGE,1
OT, DODGE,0
PH, DODGE,2
SJ, DODGE,0
SM, DODGE,1
SB, DODGE,0
SV, DODGE,4
TR, DODGE,0
TM, DODGE,2
TL, DODGE,1
VS, DODGE,0
VL, DODGE,2
VN, DODGE,0
AB, DR,0
AR, DR,0
AG, DR,0
BC, DR,0
BH, DR,0
BN, DR,0
BT, DR,0
BR, DR,0
BV, DR,0
B, DR,0
BZ, DR,0
CL, DR,0
CS, DR,0
CJ, DR,1
CT, DR,0
CV, DR,0
DB, DR,0
DJ, DR,0
GL, DR,0
GR, DR,0
GJ, DR,0
HR, DR,0
HD, DR,0
IL, DR,0
IS, DR,0
IF, DR,0
MM, DR,0
MH, DR,0
MS, DR,0
NT, DR,0
OT, DR,0
PH, DR,0
SJ, DR,0
SM, DR,0
SB, DR,0
SV, DR,0
TR, DR,0
TM, DR,0
TL, DR,0
VS, DR,0
VL, DR,0
VN, DR,0
AB, DRAGASANI,0
AR, DRAGASANI,0
AG, DRAGASANI,0
BC, DRAGASANI,0
BH, DRAGASANI,0
BN, DRAGASANI,0
BT, DRAGASANI,0
BR, DRAGASANI,0
BV, DRAGASANI,0
B, DRAGASANI,0
BZ, DRAGASANI,0
CL, DRAGASANI,0
CS, DRAGASANI,0
CJ, DRAGASANI,0
CT, DRAGASANI,0
CV, DRAGASANI,0
DB, DRAGASANI,0
DJ, DRAGASANI,0
GL, DRAGASANI,0
GR, DRAGASANI,0
GJ, DRAGASANI,0
HR, DRAGASANI,0
HD, DRAGASANI,0
IL, DRAGASANI,0
IS, DRAGASANI,0
IF, DRAGASANI,0
MM, DRAGASANI,0
MH, DRAGASANI,0
MS, DRAGASANI,0
NT, DRAGASANI,0
OT, DRAGASANI,1
PH, DRAGASANI,0
SJ, DRAGASANI,0
SM, DRAGASANI,0
SB, DRAGASANI,0
SV, DRAGASANI,0
TR, DRAGASANI,0
TM, DRAGASANI,0
TL, DRAGASANI,0
VS, DRAGASANI,0
VL, DRAGASANI,0
VN, DRAGASANI,0
AB, DS,0
AR, DS,0
AG, DS,1
BC, DS,0
BH, DS,0
BN, DS,1
BT, DS,0
BR, DS,0
BV, DS,1
B, DS,8
BZ, DS,0
CL, DS,0
CS, DS,1
CJ, DS,1
CT, DS,0
CV, DS,0
DB, DS,1
DJ, DS,0
GL, DS,0
GR, DS,0
GJ, DS,0
HR, DS,0
HD, DS,0
IL, DS,0
IS, DS,0
IF, DS,0
MM, DS,0
MH, DS,0
MS, DS,0
NT, DS,0
OT, DS,0
PH, DS,0
SJ, DS,0
SM, DS,0
SB, DS,0
SV, DS,0
TR, DS,0
TM, DS,2
TL, DS,0
VS, DS,0
VL, DS,0
VN, DS,0
AB, FENDT,0
AR, FENDT,0
AG, FENDT,0
BC, FENDT,0
BH, FENDT,0
BN, FENDT,0
BT, FENDT,0
BR, FENDT,0
BV, FENDT,0
B, FENDT,0
BZ, FENDT,0
CL, FENDT,0
CS, FENDT,0
CJ, FENDT,0
CT, FENDT,0
CV, FENDT,0
DB, FENDT,0
DJ, FENDT,0
GL, FENDT,0
GR, FENDT,0
GJ, FENDT,0
HR, FENDT,0
HD, FENDT,0
IL, FENDT,0
IS, FENDT,0
IF, FENDT,0
MM, FENDT,0
MH, FENDT,0
MS, FENDT,0
NT, FENDT,0
OT, FENDT,0
PH, FENDT,1
SJ, FENDT,0
SM, FENDT,0
SB, FENDT,0
SV, FENDT,0
TR, FENDT,0
TM, FENDT,0
TL, FENDT,0
VS, FENDT,0
VL, FENDT,0
VN, FENDT,0
AB, FERRARI,0
AR, FERRARI,0
AG, FERRARI,0
BC, FERRARI,0
BH, FERRARI,0
BN, FERRARI,0
BT, FERRARI,0
BR, FERRARI,0
BV, FERRARI,0
B, FERRARI,2
BZ, FERRARI,0
CL, FERRARI,0
CS, FERRARI,0
CJ, FERRARI,0
CT, FERRARI,0
CV, FERRARI,0
DB, FERRARI,0
DJ, FERRARI,0
GL, FERRARI,0
GR, FERRARI,0
GJ, FERRARI,1
HR, FERRARI,0
HD, FERRARI,0
IL, FERRARI,0
IS, FERRARI,0
IF, FERRARI,0
MM, FERRARI,0
MH, FERRARI,0
MS, FERRARI,0
NT, FERRARI,0
OT, FERRARI,0
PH, FERRARI,1
SJ, FERRARI,0
SM, FERRARI,0
SB, FERRARI,0
SV, FERRARI,0
TR, FERRARI,0
TM, FERRARI,1
TL, FERRARI,0
VS, FERRARI,0
VL, FERRARI,0
VN, FERRARI,0
AB, FIAT,19
AR, FIAT,21
AG, FIAT,21
BC, FIAT,25
BH, FIAT,35
BN, FIAT,6
BT, FIAT,11
BR, FIAT,10
BV, FIAT,33
B, FIAT,141
BZ, FIAT,11
CL, FIAT,13
CS, FIAT,19
CJ, FIAT,109
CT, FIAT,24
CV, FIAT,5
DB, FIAT,22
DJ, FIAT,20
GL, FIAT,25
GR, FIAT,15
GJ, FIAT,13
HR, FIAT,12
HD, FIAT,19
IL, FIAT,12
IS, FIAT,27
IF, FIAT,19
MM, FIAT,23
MH, FIAT,12
MS, FIAT,16
NT, FIAT,26
OT, FIAT,13
PH, FIAT,35
SJ, FIAT,15
SM, FIAT,15
SB, FIAT,16
SV, FIAT,26
TR, FIAT,10
TM, FIAT,40
TL, FIAT,6
VS, FIAT,19
VL, FIAT,24
VN, FIAT,23
AB, FORD,89
AR, FORD,138
AG, FORD,104
BC, FORD,166
BH, FORD,220
BN, FORD,96
BT, FORD,71
BR, FORD,98
BV, FORD,120
B, FORD,1009
BZ, FORD,87
CL, FORD,60
CS, FORD,81
CJ, FORD,306
CT, FORD,163
CV, FORD,43
DB, FORD,120
DJ, FORD,165
GL, FORD,115
GR, FORD,62
GJ, FORD,96
HR, FORD,74
HD, FORD,117
IL, FORD,51
IS, FORD,185
IF, FORD,180
MM, FORD,158
MH, FORD,58
MS, FORD,133
NT, FORD,102
OT, FORD,100
PH, FORD,235
SJ, FORD,100
SM, FORD,106
SB, FORD,103
SV, FORD,126
TR, FORD,71
TM, FORD,178
TL, FORD,41
VS, FORD,73
VL, FORD,124
VN, FORD,93
AB, GWM,0
AR, GWM,0
AG, GWM,0
BC, GWM,0
BH, GWM,0
BN, GWM,0
BT, GWM,0
BR, GWM,0
BV, GWM,0
B, GWM,0
BZ, GWM,0
CL, GWM,0
CS, GWM,0
CJ, GWM,0
CT, GWM,1
CV, GWM,0
DB, GWM,0
DJ, GWM,0
GL, GWM,0
GR, GWM,0
GJ, GWM,0
HR, GWM,1
HD, GWM,0
IL, GWM,0
IS, GWM,0
IF, GWM,0
MM, GWM,0
MH, GWM,0
MS, GWM,0
NT, GWM,0
OT, GWM,0
PH, GWM,0
SJ, GWM,0
SM, GWM,0
SB, GWM,0
SV, GWM,0
TR, GWM,0
TM, GWM,0
TL, GWM,0
VS, GWM,0
VL, GWM,0
VN, GWM,0
AB, HONDA,2
AR, HONDA,11
AG, HONDA,11
BC, HONDA,6
BH, HONDA,8
BN, HONDA,4
BT, HONDA,4
BR, HONDA,6
BV, HONDA,18
B, HONDA,138
BZ, HONDA,5
CL, HONDA,4
CS, HONDA,3
CJ, HONDA,10
CT, HONDA,20
CV, HONDA,5
DB, HONDA,9
DJ, HONDA,8
GL, HONDA,12
GR, HONDA,4
GJ, HONDA,6
HR, HONDA,8
HD, HONDA,8
IL, HONDA,3
IS, HONDA,17
IF, HONDA,24
MM, HONDA,5
MH, HONDA,1
MS, HONDA,6
NT, HONDA,9
OT, HONDA,4
PH, HONDA,17
SJ, HONDA,6
SM, HONDA,3
SB, HONDA,9
SV, HONDA,12
TR, HONDA,4
TM, HONDA,20
TL, HONDA,5
VS, HONDA,6
VL, HONDA,1
VN, HONDA,7
AB, HUMMER,0
AR, HUMMER,0
AG, HUMMER,0
BC, HUMMER,0
BH, HUMMER,0
BN, HUMMER,0
BT, HUMMER,0
BR, HUMMER,0
BV, HUMMER,0
B, HUMMER,0
BZ, HUMMER,0
CL, HUMMER,0
CS, HUMMER,0
CJ, HUMMER,0
CT, HUMMER,0
CV, HUMMER,0
DB, HUMMER,0
DJ, HUMMER,0
GL, HUMMER,0
GR, HUMMER,0
GJ, HUMMER,0
HR, HUMMER,0
HD, HUMMER,0
IL, HUMMER,0
IS, HUMMER,0
IF, HUMMER,0
MM, HUMMER,0
MH, HUMMER,0
MS, HUMMER,1
NT, HUMMER,0
OT, HUMMER,0
PH, HUMMER,0
SJ, HUMMER,0
SM, HUMMER,1
SB, HUMMER,0
SV, HUMMER,0
TR, HUMMER,0
TM, HUMMER,0
TL, HUMMER,0
VS, HUMMER,0
VL, HUMMER,0
VN, HUMMER,0
AB, HYUNDAI,27
AR, HYUNDAI,36
AG, HYUNDAI,26
BC, HYUNDAI,48
BH, HYUNDAI,54
BN, HYUNDAI,13
BT, HYUNDAI,24
BR, HYUNDAI,22
BV, HYUNDAI,62
B, HYUNDAI,422
BZ, HYUNDAI,31
CL, HYUNDAI,19
CS, HYUNDAI,16
CJ, HYUNDAI,73
CT, HYUNDAI,76
CV, HYUNDAI,17
DB, HYUNDAI,41
DJ, HYUNDAI,35
GL, HYUNDAI,41
GR, HYUNDAI,29
GJ, HYUNDAI,20
HR, HYUNDAI,32
HD, HYUNDAI,30
IL, HYUNDAI,20
IS, HYUNDAI,68
IF, HYUNDAI,85
MM, HYUNDAI,40
MH, HYUNDAI,12
MS, HYUNDAI,45
NT, HYUNDAI,30
OT, HYUNDAI,23
PH, HYUNDAI,62
SJ, HYUNDAI,39
SM, HYUNDAI,12
SB, HYUNDAI,56
SV, HYUNDAI,38
TR, HYUNDAI,10
TM, HYUNDAI,58
TL, HYUNDAI,16
VS, HYUNDAI,21
VL, HYUNDAI,17
VN, HYUNDAI,21
AB, HYUNDAY,0
AR, HYUNDAY,0
AG, HYUNDAY,0
BC, HYUNDAY,1
BH, HYUNDAY,0
BN, HYUNDAY,0
BT, HYUNDAY,0
BR, HYUNDAY,0
BV, HYUNDAY,0
B, HYUNDAY,0
BZ, HYUNDAY,0
CL, HYUNDAY,0
CS, HYUNDAY,0
CJ, HYUNDAY,0
CT, HYUNDAY,0
CV, HYUNDAY,0
DB, HYUNDAY,0
DJ, HYUNDAY,0
GL, HYUNDAY,0
GR, HYUNDAY,0
GJ, HYUNDAY,0
HR, HYUNDAY,0
HD, HYUNDAY,0
IL, HYUNDAY,0
IS, HYUNDAY,0
IF, HYUNDAY,0
MM, HYUNDAY,0
MH, HYUNDAY,0
MS, HYUNDAY,0
NT, HYUNDAY,0
OT, HYUNDAY,0
PH, HYUNDAY,0
SJ, HYUNDAY,0
SM, HYUNDAY,0
SB, HYUNDAY,0
SV, HYUNDAY,0
TR, HYUNDAY,0
TM, HYUNDAY,0
TL, HYUNDAY,0
VS, HYUNDAY,0
VL, HYUNDAY,0
VN, HYUNDAY,0
AB, IMS,0
AR, IMS,1
AG, IMS,0
BC, IMS,0
BH, IMS,0
BN, IMS,0
BT, IMS,0
BR, IMS,0
BV, IMS,0
B, IMS,0
BZ, IMS,0
CL, IMS,0
CS, IMS,0
CJ, IMS,0
CT, IMS,0
CV, IMS,0
DB, IMS,0
DJ, IMS,0
GL, IMS,0
GR, IMS,0
GJ, IMS,0
HR, IMS,0
HD, IMS,0
IL, IMS,0
IS, IMS,0
IF, IMS,0
MM, IMS,0
MH, IMS,0
MS, IMS,0
NT, IMS,0
OT, IMS,0
PH, IMS,0
SJ, IMS,0
SM, IMS,0
SB, IMS,0
SV, IMS,0
TR, IMS,0
TM, IMS,0
TL, IMS,0
VS, IMS,0
VL, IMS,0
VN, IMS,0
AB, INFINITI,0
AR, INFINITI,0
AG, INFINITI,0
BC, INFINITI,0
BH, INFINITI,0
BN, INFINITI,0
BT, INFINITI,0
BR, INFINITI,1
BV, INFINITI,2
B, INFINITI,6
BZ, INFINITI,0
CL, INFINITI,0
CS, INFINITI,0
CJ, INFINITI,1
CT, INFINITI,1
CV, INFINITI,1
DB, INFINITI,0
DJ, INFINITI,0
GL, INFINITI,0
GR, INFINITI,1
GJ, INFINITI,0
HR, INFINITI,1
HD, INFINITI,1
IL, INFINITI,0
IS, INFINITI,0
IF, INFINITI,1
MM, INFINITI,0
MH, INFINITI,0
MS, INFINITI,1
NT, INFINITI,0
OT, INFINITI,0
PH, INFINITI,1
SJ, INFINITI,0
SM, INFINITI,0
SB, INFINITI,0
SV, INFINITI,0
TR, INFINITI,0
TM, INFINITI,2
TL, INFINITI,2
VS, INFINITI,0
VL, INFINITI,0
VN, INFINITI,1
AB, ISUZU,1
AR, ISUZU,0
AG, ISUZU,0
BC, ISUZU,1
BH, ISUZU,0
BN, ISUZU,0
BT, ISUZU,0
BR, ISUZU,0
BV, ISUZU,0
B, ISUZU,0
BZ, ISUZU,0
CL, ISUZU,0
CS, ISUZU,0
CJ, ISUZU,0
CT, ISUZU,0
CV, ISUZU,0
DB, ISUZU,0
DJ, ISUZU,0
GL, ISUZU,0
GR, ISUZU,0
GJ, ISUZU,0
HR, ISUZU,0
HD, ISUZU,0
IL, ISUZU,0
IS, ISUZU,0
IF, ISUZU,0
MM, ISUZU,0
MH, ISUZU,0
MS, ISUZU,0
NT, ISUZU,0
OT, ISUZU,0
PH, ISUZU,0
SJ, ISUZU,0
SM, ISUZU,0
SB, ISUZU,0
SV, ISUZU,0
TR, ISUZU,0
TM, ISUZU,0
TL, ISUZU,0
VS, ISUZU,0
VL, ISUZU,0
VN, ISUZU,0
AB, IVECO,0
AR, IVECO,0
AG, IVECO,1
BC, IVECO,0
BH, IVECO,0
BN, IVECO,0
BT, IVECO,0
BR, IVECO,0
BV, IVECO,0
B, IVECO,0
BZ, IVECO,0
CL, IVECO,0
CS, IVECO,0
CJ, IVECO,0
CT, IVECO,1
CV, IVECO,0
DB, IVECO,1
DJ, IVECO,0
GL, IVECO,0
GR, IVECO,0
GJ, IVECO,0
HR, IVECO,0
HD, IVECO,0
IL, IVECO,0
IS, IVECO,0
IF, IVECO,1
MM, IVECO,0
MH, IVECO,0
MS, IVECO,0
NT, IVECO,1
OT, IVECO,0
PH, IVECO,0
SJ, IVECO,0
SM, IVECO,0
SB, IVECO,0
SV, IVECO,0
TR, IVECO,0
TM, IVECO,0
TL, IVECO,0
VS, IVECO,0
VL, IVECO,0
VN, IVECO,0
AB, JAGUAR,1
AR, JAGUAR,5
AG, JAGUAR,4
BC, JAGUAR,2
BH, JAGUAR,6
BN, JAGUAR,1
BT, JAGUAR,0
BR, JAGUAR,1
BV, JAGUAR,6
B, JAGUAR,22
BZ, JAGUAR,1
CL, JAGUAR,0
CS, JAGUAR,1
CJ, JAGUAR,1
CT, JAGUAR,10
CV, JAGUAR,1
DB, JAGUAR,0
DJ, JAGUAR,4
GL, JAGUAR,3
GR, JAGUAR,3
GJ, JAGUAR,1
HR, JAGUAR,1
HD, JAGUAR,2
IL, JAGUAR,0
IS, JAGUAR,3
IF, JAGUAR,6
MM, JAGUAR,2
MH, JAGUAR,3
MS, JAGUAR,0
NT, JAGUAR,1
OT, JAGUAR,0
PH, JAGUAR,5
SJ, JAGUAR,5
SM, JAGUAR,2
SB, JAGUAR,5
SV, JAGUAR,6
TR, JAGUAR,0
TM, JAGUAR,1
TL, JAGUAR,0
VS, JAGUAR,2
VL, JAGUAR,3
VN, JAGUAR,2
AB, JEEP,6
AR, JEEP,8
AG, JEEP,4
BC, JEEP,10
BH, JEEP,10
BN, JEEP,12
BT, JEEP,4
BR, JEEP,3
BV, JEEP,5
B, JEEP,51
BZ, JEEP,5
CL, JEEP,1
CS, JEEP,3
CJ, JEEP,64
CT, JEEP,9
CV, JEEP,5
DB, JEEP,2
DJ, JEEP,7
GL, JEEP,3
GR, JEEP,1
GJ, JEEP,4
HR, JEEP,9
HD, JEEP,9
IL, JEEP,1
IS, JEEP,2
IF, JEEP,9
MM, JEEP,17
MH, JEEP,1
MS, JEEP,5
NT, JEEP,4
OT, JEEP,1
PH, JEEP,10
SJ, JEEP,8
SM, JEEP,0
SB, JEEP,8
SV, JEEP,8
TR, JEEP,7
TM, JEEP,6
TL, JEEP,1
VS, JEEP,2
VL, JEEP,4
VN, JEEP,2
AB, KIA,12
AR, KIA,22
AG, KIA,32
BC, KIA,26
BH, KIA,30
BN, KIA,10
BT, KIA,10
BR, KIA,12
BV, KIA,30
B, KIA,228
BZ, KIA,12
CL, KIA,8
CS, KIA,9
CJ, KIA,29
CT, KIA,26
CV, KIA,7
DB, KIA,16
DJ, KIA,18
GL, KIA,17
GR, KIA,11
GJ, KIA,15
HR, KIA,10
HD, KIA,17
IL, KIA,4
IS, KIA,28
IF, KIA,43
MM, KIA,21
MH, KIA,10
MS, KIA,14
NT, KIA,16
OT, KIA,13
PH, KIA,31
SJ, KIA,14
SM, KIA,14
SB, KIA,16
SV, KIA,18
TR, KIA,4
TM, KIA,31
TL, KIA,5
VS, KIA,13
VL, KIA,15
VN, KIA,9
AB, KRONE,0
AR, KRONE,0
AG, KRONE,0
BC, KRONE,0
BH, KRONE,0
BN, KRONE,0
BT, KRONE,0
BR, KRONE,0
BV, KRONE,0
B, KRONE,0
BZ, KRONE,0
CL, KRONE,0
CS, KRONE,0
CJ, KRONE,0
CT, KRONE,0
CV, KRONE,0
DB, KRONE,1
DJ, KRONE,0
GL, KRONE,0
GR, KRONE,0
GJ, KRONE,0
HR, KRONE,0
HD, KRONE,0
IL, KRONE,0
IS, KRONE,0
IF, KRONE,0
MM, KRONE,1
MH, KRONE,0
MS, KRONE,0
NT, KRONE,0
OT, KRONE,0
PH, KRONE,0
SJ, KRONE,0
SM, KRONE,0
SB, KRONE,0
SV, KRONE,0
TR, KRONE,0
TM, KRONE,0
TL, KRONE,0
VS, KRONE,0
VL, KRONE,0
VN, KRONE,0
AB, LADA,1
AR, LADA,1
AG, LADA,0
BC, LADA,0
BH, LADA,3
BN, LADA,1
BT, LADA,0
BR, LADA,0
BV, LADA,1
B, LADA,1
BZ, LADA,0
CL, LADA,0
CS, LADA,0
CJ, LADA,4
CT, LADA,0
CV, LADA,0
DB, LADA,0
DJ, LADA,0
GL, LADA,0
GR, LADA,0
GJ, LADA,1
HR, LADA,2
HD, LADA,0
IL, LADA,0
IS, LADA,0
IF, LADA,0
MM, LADA,0
MH, LADA,0
MS, LADA,1
NT, LADA,0
OT, LADA,0
PH, LADA,0
SJ, LADA,0
SM, LADA,2
SB, LADA,0
SV, LADA,0
TR, LADA,0
TM, LADA,0
TL, LADA,0
VS, LADA,0
VL, LADA,0
VN, LADA,0
AB, LADA-VAZ,0
AR, LADA-VAZ,0
AG, LADA-VAZ,0
BC, LADA-VAZ,0
BH, LADA-VAZ,0
BN, LADA-VAZ,0
BT, LADA-VAZ,0
BR, LADA-VAZ,0
BV, LADA-VAZ,1
B, LADA-VAZ,0
BZ, LADA-VAZ,0
CL, LADA-VAZ,0
CS, LADA-VAZ,0
CJ, LADA-VAZ,1
CT, LADA-VAZ,0
CV, LADA-VAZ,0
DB, LADA-VAZ,0
DJ, LADA-VAZ,0
GL, LADA-VAZ,0
GR, LADA-VAZ,0
GJ, LADA-VAZ,0
HR, LADA-VAZ,1
HD, LADA-VAZ,0
IL, LADA-VAZ,0
IS, LADA-VAZ,0
IF, LADA-VAZ,0
MM, LADA-VAZ,0
MH, LADA-VAZ,1
MS, LADA-VAZ,0
NT, LADA-VAZ,0
OT, LADA-VAZ,0
PH, LADA-VAZ,0
SJ, LADA-VAZ,0
SM, LADA-VAZ,0
SB, LADA-VAZ,0
SV, LADA-VAZ,0
TR, LADA-VAZ,0
TM, LADA-VAZ,0
TL, LADA-VAZ,0
VS, LADA-VAZ,0
VL, LADA-VAZ,2
VN, LADA-VAZ,0
AB, LAMBORGHINI,0
AR, LAMBORGHINI,0
AG, LAMBORGHINI,0
BC, LAMBORGHINI,0
BH, LAMBORGHINI,1
BN, LAMBORGHINI,0
BT, LAMBORGHINI,0
BR, LAMBORGHINI,0
BV, LAMBORGHINI,2
B, LAMBORGHINI,1
BZ, LAMBORGHINI,0
CL, LAMBORGHINI,0
CS, LAMBORGHINI,0
CJ, LAMBORGHINI,0
CT, LAMBORGHINI,0
CV, LAMBORGHINI,0
DB, LAMBORGHINI,1
DJ, LAMBORGHINI,0
GL, LAMBORGHINI,0
GR, LAMBORGHINI,0
GJ, LAMBORGHINI,0
HR, LAMBORGHINI,0
HD, LAMBORGHINI,0
IL, LAMBORGHINI,0
IS, LAMBORGHINI,0
IF, LAMBORGHINI,1
MM, LAMBORGHINI,0
MH, LAMBORGHINI,0
MS, LAMBORGHINI,0
NT, LAMBORGHINI,0
OT, LAMBORGHINI,0
PH, LAMBORGHINI,0
SJ, LAMBORGHINI,0
SM, LAMBORGHINI,3
SB, LAMBORGHINI,0
SV, LAMBORGHINI,0
TR, LAMBORGHINI,0
TM, LAMBORGHINI,0
TL, LAMBORGHINI,0
VS, LAMBORGHINI,0
VL, LAMBORGHINI,0
VN, LAMBORGHINI,0
AB, LANCIA,0
AR, LANCIA,2
AG, LANCIA,2
BC, LANCIA,2
BH, LANCIA,2
BN, LANCIA,0
BT, LANCIA,2
BR, LANCIA,1
BV, LANCIA,2
B, LANCIA,10
BZ, LANCIA,1
CL, LANCIA,0
CS, LANCIA,0
CJ, LANCIA,2
CT, LANCIA,0
CV, LANCIA,0
DB, LANCIA,0
DJ, LANCIA,3
GL, LANCIA,3
GR, LANCIA,0
GJ, LANCIA,1
HR, LANCIA,0
HD, LANCIA,1
IL, LANCIA,0
IS, LANCIA,1
IF, LANCIA,2
MM, LANCIA,0
MH, LANCIA,0
MS, LANCIA,1
NT, LANCIA,4
OT, LANCIA,2
PH, LANCIA,0
SJ, LANCIA,1
SM, LANCIA,0
SB, LANCIA,1
SV, LANCIA,2
TR, LANCIA,1
TM, LANCIA,4
TL, LANCIA,1
VS, LANCIA,3
VL, LANCIA,1
VN, LANCIA,2
AB, LAND_ROVER,15
AR, LAND_ROVER,15
AG, LAND_ROVER,19
BC, LAND_ROVER,19
BH, LAND_ROVER,16
BN, LAND_ROVER,9
BT, LAND_ROVER,12
BR, LAND_ROVER,8
BV, LAND_ROVER,25
B, LAND_ROVER,128
BZ, LAND_ROVER,9
CL, LAND_ROVER,4
CS, LAND_ROVER,3
CJ, LAND_ROVER,32
CT, LAND_ROVER,33
CV, LAND_ROVER,2
DB, LAND_ROVER,8
DJ, LAND_ROVER,29
GL, LAND_ROVER,14
GR, LAND_ROVER,7
GJ, LAND_ROVER,15
HR, LAND_ROVER,12
HD, LAND_ROVER,11
IL, LAND_ROVER,10
IS, LAND_ROVER,25
IF, LAND_ROVER,24
MM, LAND_ROVER,33
MH, LAND_ROVER,6
MS, LAND_ROVER,16
NT, LAND_ROVER,7
OT, LAND_ROVER,14
PH, LAND_ROVER,18
SJ, LAND_ROVER,10
SM, LAND_ROVER,15
SB, LAND_ROVER,10
SV, LAND_ROVER,28
TR, LAND_ROVER,14
TM, LAND_ROVER,23
TL, LAND_ROVER,6
VS, LAND_ROVER,8
VL, LAND_ROVER,16
VN, LAND_ROVER,7
AB, LEXUS,0
AR, LEXUS,1
AG, LEXUS,2
BC, LEXUS,5
BH, LEXUS,5
BN, LEXUS,1
BT, LEXUS,2
BR, LEXUS,2
BV, LEXUS,6
B, LEXUS,40
BZ, LEXUS,0
CL, LEXUS,0
CS, LEXUS,0
CJ, LEXUS,3
CT, LEXUS,5
CV, LEXUS,1
DB, LEXUS,3
DJ, LEXUS,2
GL, LEXUS,5
GR, LEXUS,2
GJ, LEXUS,2
HR, LEXUS,3
HD, LEXUS,0
IL, LEXUS,0
IS, LEXUS,5
IF, LEXUS,3
MM, LEXUS,2
MH, LEXUS,0
MS, LEXUS,4
NT, LEXUS,7
OT, LEXUS,2
PH, LEXUS,6
SJ, LEXUS,7
SM, LEXUS,1
SB, LEXUS,7
SV, LEXUS,3
TR, LEXUS,0
TM, LEXUS,6
TL, LEXUS,1
VS, LEXUS,2
VL, LEXUS,0
VN, LEXUS,1
AB, LINCOLN,0
AR, LINCOLN,0
AG, LINCOLN,0
BC, LINCOLN,0
BH, LINCOLN,0
BN, LINCOLN,0
BT, LINCOLN,0
BR, LINCOLN,0
BV, LINCOLN,0
B, LINCOLN,0
BZ, LINCOLN,0
CL, LINCOLN,0
CS, LINCOLN,0
CJ, LINCOLN,0
CT, LINCOLN,0
CV, LINCOLN,0
DB, LINCOLN,0
DJ, LINCOLN,0
GL, LINCOLN,0
GR, LINCOLN,0
GJ, LINCOLN,0
HR, LINCOLN,0
HD, LINCOLN,0
IL, LINCOLN,0
IS, LINCOLN,0
IF, LINCOLN,0
MM, LINCOLN,0
MH, LINCOLN,0
MS, LINCOLN,0
NT, LINCOLN,0
OT, LINCOLN,0
PH, LINCOLN,1
SJ, LINCOLN,0
SM, LINCOLN,0
SB, LINCOLN,0
SV, LINCOLN,0
TR, LINCOLN,0
TM, LINCOLN,0
TL, LINCOLN,0
VS, LINCOLN,0
VL, LINCOLN,0
VN, LINCOLN,0
AB, MARUTI,0
AR, MARUTI,0
AG, MARUTI,0
BC, MARUTI,0
BH, MARUTI,0
BN, MARUTI,0
BT, MARUTI,0
BR, MARUTI,0
BV, MARUTI,0
B, MARUTI,0
BZ, MARUTI,0
CL, MARUTI,0
CS, MARUTI,0
CJ, MARUTI,0
CT, MARUTI,1
CV, MARUTI,0
DB, MARUTI,0
DJ, MARUTI,0
GL, MARUTI,0
GR, MARUTI,0
GJ, MARUTI,0
HR, MARUTI,0
HD, MARUTI,0
IL, MARUTI,0
IS, MARUTI,0
IF, MARUTI,0
MM, MARUTI,0
MH, MARUTI,0
MS, MARUTI,0
NT, MARUTI,0
OT, MARUTI,0
PH, MARUTI,0
SJ, MARUTI,0
SM, MARUTI,0
SB, MARUTI,0
SV, MARUTI,0
TR, MARUTI,0
TM, MARUTI,0
TL, MARUTI,0
VS, MARUTI,0
VL, MARUTI,0
VN, MARUTI,0
AB, MASERATI,1
AR, MASERATI,0
AG, MASERATI,0
BC, MASERATI,0
BH, MASERATI,1
BN, MASERATI,0
BT, MASERATI,0
BR, MASERATI,0
BV, MASERATI,0
B, MASERATI,14
BZ, MASERATI,1
CL, MASERATI,0
CS, MASERATI,0
CJ, MASERATI,3
CT, MASERATI,1
CV, MASERATI,0
DB, MASERATI,0
DJ, MASERATI,0
GL, MASERATI,0
GR, MASERATI,0
GJ, MASERATI,0
HR, MASERATI,0
HD, MASERATI,1
IL, MASERATI,0
IS, MASERATI,0
IF, MASERATI,1
MM, MASERATI,0
MH, MASERATI,0
MS, MASERATI,0
NT, MASERATI,0
OT, MASERATI,0
PH, MASERATI,1
SJ, MASERATI,1
SM, MASERATI,0
SB, MASERATI,1
SV, MASERATI,0
TR, MASERATI,0
TM, MASERATI,0
TL, MASERATI,0
VS, MASERATI,0
VL, MASERATI,1
VN, MASERATI,0
AB, MAZDA,18
AR, MAZDA,38
AG, MAZDA,18
BC, MAZDA,27
BH, MAZDA,32
BN, MAZDA,9
BT, MAZDA,15
BR, MAZDA,21
BV, MAZDA,35
B, MAZDA,204
BZ, MAZDA,12
CL, MAZDA,11
CS, MAZDA,13
CJ, MAZDA,57
CT, MAZDA,32
CV, MAZDA,10
DB, MAZDA,13
DJ, MAZDA,28
GL, MAZDA,23
GR, MAZDA,2
GJ, MAZDA,15
HR, MAZDA,17
HD, MAZDA,22
IL, MAZDA,8
IS, MAZDA,47
IF, MAZDA,40
MM, MAZDA,22
MH, MAZDA,12
MS, MAZDA,32
NT, MAZDA,13
OT, MAZDA,10
PH, MAZDA,35
SJ, MAZDA,22
SM, MAZDA,16
SB, MAZDA,23
SV, MAZDA,32
TR, MAZDA,7
TM, MAZDA,48
TL, MAZDA,4
VS, MAZDA,15
VL, MAZDA,11
VN, MAZDA,11
AB, MCC,0
AR, MCC,0
AG, MCC,0
BC, MCC,0
BH, MCC,0
BN, MCC,0
BT, MCC,1
BR, MCC,0
BV, MCC,0
B, MCC,2
BZ, MCC,0
CL, MCC,0
CS, MCC,0
CJ, MCC,1
CT, MCC,0
CV, MCC,0
DB, MCC,0
DJ, MCC,0
GL, MCC,0
GR, MCC,0
GJ, MCC,1
HR, MCC,0
HD, MCC,0
IL, MCC,0
IS, MCC,0
IF, MCC,1
MM, MCC,1
MH, MCC,1
MS, MCC,0
NT, MCC,0
OT, MCC,0
PH, MCC,1
SJ, MCC,1
SM, MCC,0
SB, MCC,1
SV, MCC,0
TR, MCC,0
TM, MCC,2
TL, MCC,0
VS, MCC,0
VL, MCC,1
VN, MCC,1
AB, MEILLER-KIPPER,0
AR, MEILLER-KIPPER,0
AG, MEILLER-KIPPER,0
BC, MEILLER-KIPPER,0
BH, MEILLER-KIPPER,0
BN, MEILLER-KIPPER,0
BT, MEILLER-KIPPER,0
BR, MEILLER-KIPPER,0
BV, MEILLER-KIPPER,0
B, MEILLER-KIPPER,0
BZ, MEILLER-KIPPER,0
CL, MEILLER-KIPPER,0
CS, MEILLER-KIPPER,0
CJ, MEILLER-KIPPER,0
CT, MEILLER-KIPPER,1
CV, MEILLER-KIPPER,0
DB, MEILLER-KIPPER,0
DJ, MEILLER-KIPPER,0
GL, MEILLER-KIPPER,0
GR, MEILLER-KIPPER,0
GJ, MEILLER-KIPPER,0
HR, MEILLER-KIPPER,0
HD, MEILLER-KIPPER,0
IL, MEILLER-KIPPER,0
IS, MEILLER-KIPPER,0
IF, MEILLER-KIPPER,0
MM, MEILLER-KIPPER,0
MH, MEILLER-KIPPER,0
MS, MEILLER-KIPPER,0
NT, MEILLER-KIPPER,0
OT, MEILLER-KIPPER,0
PH, MEILLER-KIPPER,0
SJ, MEILLER-KIPPER,0
SM, MEILLER-KIPPER,0
SB, MEILLER-KIPPER,0
SV, MEILLER-KIPPER,0
TR, MEILLER-KIPPER,0
TM, MEILLER-KIPPER,0
TL, MEILLER-KIPPER,0
VS, MEILLER-KIPPER,0
VL, MEILLER-KIPPER,0
VN, MEILLER-KIPPER,0
AB, MERCEDES_BENZ,104
AR, MERCEDES_BENZ,171
AG, MERCEDES_BENZ,112
BC, MERCEDES_BENZ,90
BH, MERCEDES_BENZ,155
BN, MERCEDES_BENZ,76
BT, MERCEDES_BENZ,69
BR, MERCEDES_BENZ,57
BV, MERCEDES_BENZ,116
B, MERCEDES_BENZ,901
BZ, MERCEDES_BENZ,61
CL, MERCEDES_BENZ,28
CS, MERCEDES_BENZ,51
CJ, MERCEDES_BENZ,155
CT, MERCEDES_BENZ,205
CV, MERCEDES_BENZ,21
DB, MERCEDES_BENZ,63
DJ, MERCEDES_BENZ,106
GL, MERCEDES_BENZ,113
GR, MERCEDES_BENZ,51
GJ, MERCEDES_BENZ,49
HR, MERCEDES_BENZ,32
HD, MERCEDES_BENZ,70
IL, MERCEDES_BENZ,34
IS, MERCEDES_BENZ,120
IF, MERCEDES_BENZ,173
MM, MERCEDES_BENZ,124
MH, MERCEDES_BENZ,48
MS, MERCEDES_BENZ,115
NT, MERCEDES_BENZ,82
OT, MERCEDES_BENZ,47
PH, MERCEDES_BENZ,152
SJ, MERCEDES_BENZ,116
SM, MERCEDES_BENZ,94
SB, MERCEDES_BENZ,117
SV, MERCEDES_BENZ,157
TR, MERCEDES_BENZ,45
TM, MERCEDES_BENZ,164
TL, MERCEDES_BENZ,37
VS, MERCEDES_BENZ,66
VL, MERCEDES_BENZ,63
VN, MERCEDES_BENZ,70
AB, MG,0
AR, MG,0
AG, MG,0
BC, MG,0
BH, MG,1
BN, MG,0
BT, MG,0
BR, MG,0
BV, MG,0
B, MG,0
BZ, MG,0
CL, MG,0
CS, MG,0
CJ, MG,0
CT, MG,0
CV, MG,0
DB, MG,0
DJ, MG,0
GL, MG,0
GR, MG,0
GJ, MG,0
HR, MG,0
HD, MG,0
IL, MG,0
IS, MG,0
IF, MG,0
MM, MG,0
MH, MG,0
MS, MG,0
NT, MG,0
OT, MG,0
PH, MG,1
SJ, MG,0
SM, MG,0
SB, MG,0
SV, MG,0
TR, MG,0
TM, MG,0
TL, MG,0
VS, MG,0
VL, MG,0
VN, MG,0
AB, MICRO_COMPACT_CAR,0
AR, MICRO_COMPACT_CAR,0
AG, MICRO_COMPACT_CAR,0
BC, MICRO_COMPACT_CAR,0
BH, MICRO_COMPACT_CAR,0
BN, MICRO_COMPACT_CAR,0
BT, MICRO_COMPACT_CAR,0
BR, MICRO_COMPACT_CAR,0
BV, MICRO_COMPACT_CAR,0
B, MICRO_COMPACT_CAR,1
BZ, MICRO_COMPACT_CAR,0
CL, MICRO_COMPACT_CAR,0
CS, MICRO_COMPACT_CAR,0
CJ, MICRO_COMPACT_CAR,0
CT, MICRO_COMPACT_CAR,0
CV, MICRO_COMPACT_CAR,0
DB, MICRO_COMPACT_CAR,0
DJ, MICRO_COMPACT_CAR,0
GL, MICRO_COMPACT_CAR,0
GR, MICRO_COMPACT_CAR,0
GJ, MICRO_COMPACT_CAR,0
HR, MICRO_COMPACT_CAR,0
HD, MICRO_COMPACT_CAR,0
IL, MICRO_COMPACT_CAR,0
IS, MICRO_COMPACT_CAR,0
IF, MICRO_COMPACT_CAR,0
MM, MICRO_COMPACT_CAR,0
MH, MICRO_COMPACT_CAR,0
MS, MICRO_COMPACT_CAR,0
NT, MICRO_COMPACT_CAR,0
OT, MICRO_COMPACT_CAR,0
PH, MICRO_COMPACT_CAR,0
SJ, MICRO_COMPACT_CAR,0
SM, MICRO_COMPACT_CAR,0
SB, MICRO_COMPACT_CAR,0
SV, MICRO_COMPACT_CAR,0
TR, MICRO_COMPACT_CAR,0
TM, MICRO_COMPACT_CAR,0
TL, MICRO_COMPACT_CAR,0
VS, MICRO_COMPACT_CAR,0
VL, MICRO_COMPACT_CAR,0
VN, MICRO_COMPACT_CAR,0
AB, MINI,4
AR, MINI,1
AG, MINI,10
BC, MINI,2
BH, MINI,11
BN, MINI,5
BT, MINI,4
BR, MINI,1
BV, MINI,9
B, MINI,83
BZ, MINI,2
CL, MINI,2
CS, MINI,5
CJ, MINI,6
CT, MINI,12
CV, MINI,0
DB, MINI,7
DJ, MINI,12
GL, MINI,0
GR, MINI,3
GJ, MINI,4
HR, MINI,1
HD, MINI,3
IL, MINI,1
IS, MINI,8
IF, MINI,15
MM, MINI,6
MH, MINI,3
MS, MINI,5
NT, MINI,4
OT, MINI,4
PH, MINI,12
SJ, MINI,5
SM, MINI,4
SB, MINI,5
SV, MINI,5
TR, MINI,3
TM, MINI,10
TL, MINI,1
VS, MINI,1
VL, MINI,5
VN, MINI,3
AB, MITSUBISHI,17
AR, MITSUBISHI,12
AG, MITSUBISHI,18
BC, MITSUBISHI,19
BH, MITSUBISHI,22
BN, MITSUBISHI,12
BT, MITSUBISHI,5
BR, MITSUBISHI,4
BV, MITSUBISHI,17
B, MITSUBISHI,63
BZ, MITSUBISHI,7
CL, MITSUBISHI,3
CS, MITSUBISHI,7
CJ, MITSUBISHI,37
CT, MITSUBISHI,13
CV, MITSUBISHI,7
DB, MITSUBISHI,4
DJ, MITSUBISHI,17
GL, MITSUBISHI,8
GR, MITSUBISHI,4
GJ, MITSUBISHI,11
HR, MITSUBISHI,19
HD, MITSUBISHI,22
IL, MITSUBISHI,4
IS, MITSUBISHI,16
IF, MITSUBISHI,13
MM, MITSUBISHI,31
MH, MITSUBISHI,2
MS, MITSUBISHI,12
NT, MITSUBISHI,9
OT, MITSUBISHI,2
PH, MITSUBISHI,19
SJ, MITSUBISHI,14
SM, MITSUBISHI,10
SB, MITSUBISHI,14
SV, MITSUBISHI,18
TR, MITSUBISHI,5
TM, MITSUBISHI,13
TL, MITSUBISHI,3
VS, MITSUBISHI,14
VL, MITSUBISHI,11
VN, MITSUBISHI,8
AB, NISSAN,32
AR, NISSAN,26
AG, NISSAN,36
BC, NISSAN,58
BH, NISSAN,28
BN, NISSAN,22
BT, NISSAN,31
BR, NISSAN,13
BV, NISSAN,37
B, NISSAN,121
BZ, NISSAN,15
CL, NISSAN,11
CS, NISSAN,26
CJ, NISSAN,47
CT, NISSAN,37
CV, NISSAN,15
DB, NISSAN,21
DJ, NISSAN,30
GL, NISSAN,20
GR, NISSAN,7
GJ, NISSAN,26
HR, NISSAN,24
HD, NISSAN,37
IL, NISSAN,9
IS, NISSAN,38
IF, NISSAN,27
MM, NISSAN,47
MH, NISSAN,11
MS, NISSAN,23
NT, NISSAN,38
OT, NISSAN,10
PH, NISSAN,35
SJ, NISSAN,27
SM, NISSAN,18
SB, NISSAN,27
SV, NISSAN,48
TR, NISSAN,6
TM, NISSAN,44
TL, NISSAN,7
VS, NISSAN,18
VL, NISSAN,22
VN, NISSAN,17
AB, OLTCIT,0
AR, OLTCIT,0
AG, OLTCIT,0
BC, OLTCIT,1
BH, OLTCIT,0
BN, OLTCIT,0
BT, OLTCIT,0
BR, OLTCIT,0
BV, OLTCIT,1
B, OLTCIT,1
BZ, OLTCIT,0
CL, OLTCIT,0
CS, OLTCIT,0
CJ, OLTCIT,0
CT, OLTCIT,0
CV, OLTCIT,0
DB, OLTCIT,0
DJ, OLTCIT,1
GL, OLTCIT,1
GR, OLTCIT,0
GJ, OLTCIT,0
HR, OLTCIT,0
HD, OLTCIT,0
IL, OLTCIT,0
IS, OLTCIT,0
IF, OLTCIT,0
MM, OLTCIT,0
MH, OLTCIT,0
MS, OLTCIT,0
NT, OLTCIT,0
OT, OLTCIT,0
PH, OLTCIT,0
SJ, OLTCIT,0
SM, OLTCIT,0
SB, OLTCIT,0
SV, OLTCIT,0
TR, OLTCIT,0
TM, OLTCIT,0
TL, OLTCIT,0
VS, OLTCIT,0
VL, OLTCIT,0
VN, OLTCIT,0
AB, OPEL,84
AR, OPEL,193
AG, OPEL,197
BC, OPEL,137
BH, OPEL,170
BN, OPEL,43
BT, OPEL,91
BR, OPEL,132
BV, OPEL,145
B, OPEL,508
BZ, OPEL,88
CL, OPEL,95
CS, OPEL,82
CJ, OPEL,112
CT, OPEL,146
CV, OPEL,73
DB, OPEL,160
DJ, OPEL,328
GL, OPEL,129
GR, OPEL,111
GJ, OPEL,92
HR, OPEL,125
HD, OPEL,114
IL, OPEL,84
IS, OPEL,161
IF, OPEL,170
MM, OPEL,88
MH, OPEL,75
MS, OPEL,146
NT, OPEL,92
OT, OPEL,197
PH, OPEL,245
SJ, OPEL,121
SM, OPEL,64
SB, OPEL,121
SV, OPEL,80
TR, OPEL,102
TM, OPEL,175
TL, OPEL,65
VS, OPEL,71
VL, OPEL,103
VN, OPEL,124
AB, PEUGEOT,26
AR, PEUGEOT,48
AG, PEUGEOT,91
BC, PEUGEOT,36
BH, PEUGEOT,67
BN, PEUGEOT,27
BT, PEUGEOT,23
BR, PEUGEOT,28
BV, PEUGEOT,39
B, PEUGEOT,364
BZ, PEUGEOT,14
CL, PEUGEOT,28
CS, PEUGEOT,24
CJ, PEUGEOT,75
CT, PEUGEOT,65
CV, PEUGEOT,10
DB, PEUGEOT,38
DJ, PEUGEOT,46
GL, PEUGEOT,31
GR, PEUGEOT,23
GJ, PEUGEOT,27
HR, PEUGEOT,22
HD, PEUGEOT,48
IL, PEUGEOT,18
IS, PEUGEOT,48
IF, PEUGEOT,61
MM, PEUGEOT,56
MH, PEUGEOT,15
MS, PEUGEOT,46
NT, PEUGEOT,28
OT, PEUGEOT,41
PH, PEUGEOT,105
SJ, PEUGEOT,38
SM, PEUGEOT,20
SB, PEUGEOT,40
SV, PEUGEOT,44
TR, PEUGEOT,24
TM, PEUGEOT,80
TL, PEUGEOT,16
VS, PEUGEOT,15
VL, PEUGEOT,32
VN, PEUGEOT,26
AB, PGS,0
AR, PGS,0
AG, PGS,1
BC, PGS,0
BH, PGS,0
BN, PGS,0
BT, PGS,0
BR, PGS,0
BV, PGS,0
B, PGS,0
BZ, PGS,0
CL, PGS,0
CS, PGS,0
CJ, PGS,0
CT, PGS,0
CV, PGS,0
DB, PGS,0
DJ, PGS,0
GL, PGS,0
GR, PGS,0
GJ, PGS,0
HR, PGS,0
HD, PGS,0
IL, PGS,0
IS, PGS,0
IF, PGS,0
MM, PGS,0
MH, PGS,0
MS, PGS,0
NT, PGS,0
OT, PGS,0
PH, PGS,0
SJ, PGS,0
SM, PGS,0
SB, PGS,0
SV, PGS,0
TR, PGS,0
TM, PGS,0
TL, PGS,0
VS, PGS,0
VL, PGS,0
VN, PGS,0
AB, PLYMOUTH,0
AR, PLYMOUTH,0
AG, PLYMOUTH,0
BC, PLYMOUTH,0
BH, PLYMOUTH,0
BN, PLYMOUTH,0
BT, PLYMOUTH,0
BR, PLYMOUTH,0
BV, PLYMOUTH,0
B, PLYMOUTH,1
BZ, PLYMOUTH,0
CL, PLYMOUTH,0
CS, PLYMOUTH,0
CJ, PLYMOUTH,0
CT, PLYMOUTH,0
CV, PLYMOUTH,0
DB, PLYMOUTH,0
DJ, PLYMOUTH,0
GL, PLYMOUTH,0
GR, PLYMOUTH,0
GJ, PLYMOUTH,0
HR, PLYMOUTH,0
HD, PLYMOUTH,0
IL, PLYMOUTH,0
IS, PLYMOUTH,0
IF, PLYMOUTH,0
MM, PLYMOUTH,0
MH, PLYMOUTH,0
MS, PLYMOUTH,0
NT, PLYMOUTH,0
OT, PLYMOUTH,0
PH, PLYMOUTH,0
SJ, PLYMOUTH,0
SM, PLYMOUTH,0
SB, PLYMOUTH,0
SV, PLYMOUTH,0
TR, PLYMOUTH,0
TM, PLYMOUTH,0
TL, PLYMOUTH,0
VS, PLYMOUTH,0
VL, PLYMOUTH,0
VN, PLYMOUTH,0
AB, PORSCHE,2
AR, PORSCHE,5
AG, PORSCHE,6
BC, PORSCHE,2
BH, PORSCHE,10
BN, PORSCHE,6
BT, PORSCHE,7
BR, PORSCHE,0
BV, PORSCHE,4
B, PORSCHE,73
BZ, PORSCHE,4
CL, PORSCHE,0
CS, PORSCHE,2
CJ, PORSCHE,12
CT, PORSCHE,14
CV, PORSCHE,1
DB, PORSCHE,2
DJ, PORSCHE,9
GL, PORSCHE,3
GR, PORSCHE,7
GJ, PORSCHE,2
HR, PORSCHE,0
HD, PORSCHE,1
IL, PORSCHE,0
IS, PORSCHE,6
IF, PORSCHE,11
MM, PORSCHE,5
MH, PORSCHE,1
MS, PORSCHE,1
NT, PORSCHE,4
OT, PORSCHE,0
PH, PORSCHE,7
SJ, PORSCHE,3
SM, PORSCHE,2
SB, PORSCHE,3
SV, PORSCHE,10
TR, PORSCHE,2
TM, PORSCHE,5
TL, PORSCHE,2
VS, PORSCHE,2
VL, PORSCHE,6
VN, PORSCHE,4
AB, QUATTRO,0
AR, QUATTRO,0
AG, QUATTRO,0
BC, QUATTRO,0
BH, QUATTRO,0
BN, QUATTRO,0
BT, QUATTRO,0
BR, QUATTRO,0
BV, QUATTRO,0
B, QUATTRO,1
BZ, QUATTRO,0
CL, QUATTRO,0
CS, QUATTRO,0
CJ, QUATTRO,0
CT, QUATTRO,0
CV, QUATTRO,0
DB, QUATTRO,0
DJ, QUATTRO,0
GL, QUATTRO,0
GR, QUATTRO,0
GJ, QUATTRO,0
HR, QUATTRO,0
HD, QUATTRO,0
IL, QUATTRO,0
IS, QUATTRO,0
IF, QUATTRO,0
MM, QUATTRO,0
MH, QUATTRO,0
MS, QUATTRO,0
NT, QUATTRO,0
OT, QUATTRO,0
PH, QUATTRO,0
SJ, QUATTRO,0
SM, QUATTRO,0
SB, QUATTRO,0
SV, QUATTRO,0
TR, QUATTRO,0
TM, QUATTRO,0
TL, QUATTRO,0
VS, QUATTRO,0
VL, QUATTRO,0
VN, QUATTRO,0
AB, RENAULT,68
AR, RENAULT,75
AG, RENAULT,322
BC, RENAULT,143
BH, RENAULT,127
BN, RENAULT,23
BT, RENAULT,51
BR, RENAULT,73
BV, RENAULT,150
B, RENAULT,1240
BZ, RENAULT,81
CL, RENAULT,52
CS, RENAULT,53
CJ, RENAULT,175
CT, RENAULT,142
CV, RENAULT,34
DB, RENAULT,97
DJ, RENAULT,133
GL, RENAULT,97
GR, RENAULT,60
GJ, RENAULT,79
HR, RENAULT,67
HD, RENAULT,99
IL, RENAULT,50
IS, RENAULT,162
IF, RENAULT,217
MM, RENAULT,132
MH, RENAULT,44
MS, RENAULT,102
NT, RENAULT,79
OT, RENAULT,64
PH, RENAULT,203
SJ, RENAULT,77
SM, RENAULT,75
SB, RENAULT,93
SV, RENAULT,73
TR, RENAULT,65
TM, RENAULT,162
TL, RENAULT,26
VS, RENAULT,45
VL, RENAULT,85
VN, RENAULT,60
AB, REPLICA,0
AR, REPLICA,0
AG, REPLICA,0
BC, REPLICA,0
BH, REPLICA,0
BN, REPLICA,0
BT, REPLICA,0
BR, REPLICA,0
BV, REPLICA,0
B, REPLICA,0
BZ, REPLICA,0
CL, REPLICA,0
CS, REPLICA,0
CJ, REPLICA,0
CT, REPLICA,0
CV, REPLICA,0
DB, REPLICA,0
DJ, REPLICA,0
GL, REPLICA,0
GR, REPLICA,0
GJ, REPLICA,0
HR, REPLICA,0
HD, REPLICA,0
IL, REPLICA,0
IS, REPLICA,0
IF, REPLICA,0
MM, REPLICA,0
MH, REPLICA,0
MS, REPLICA,0
NT, REPLICA,0
OT, REPLICA,0
PH, REPLICA,0
SJ, REPLICA,0
SM, REPLICA,1
SB, REPLICA,0
SV, REPLICA,0
TR, REPLICA,0
TM, REPLICA,0
TL, REPLICA,0
VS, REPLICA,0
VL, REPLICA,0
VN, REPLICA,0
AB, ROLLS-ROYCE,0
AR, ROLLS-ROYCE,1
AG, ROLLS-ROYCE,0
BC, ROLLS-ROYCE,0
BH, ROLLS-ROYCE,0
BN, ROLLS-ROYCE,0
BT, ROLLS-ROYCE,0
BR, ROLLS-ROYCE,0
BV, ROLLS-ROYCE,0
B, ROLLS-ROYCE,3
BZ, ROLLS-ROYCE,0
CL, ROLLS-ROYCE,0
CS, ROLLS-ROYCE,0
CJ, ROLLS-ROYCE,0
CT, ROLLS-ROYCE,0
CV, ROLLS-ROYCE,0
DB, ROLLS-ROYCE,0
DJ, ROLLS-ROYCE,0
GL, ROLLS-ROYCE,0
GR, ROLLS-ROYCE,0
GJ, ROLLS-ROYCE,1
HR, ROLLS-ROYCE,0
HD, ROLLS-ROYCE,0
IL, ROLLS-ROYCE,0
IS, ROLLS-ROYCE,0
IF, ROLLS-ROYCE,1
MM, ROLLS-ROYCE,0
MH, ROLLS-ROYCE,1
MS, ROLLS-ROYCE,0
NT, ROLLS-ROYCE,0
OT, ROLLS-ROYCE,0
PH, ROLLS-ROYCE,0
SJ, ROLLS-ROYCE,0
SM, ROLLS-ROYCE,0
SB, ROLLS-ROYCE,0
SV, ROLLS-ROYCE,0
TR, ROLLS-ROYCE,0
TM, ROLLS-ROYCE,0
TL, ROLLS-ROYCE,0
VS, ROLLS-ROYCE,0
VL, ROLLS-ROYCE,0
VN, ROLLS-ROYCE,0
AB, ROVER,0
AR, ROVER,2
AG, ROVER,1
BC, ROVER,0
BH, ROVER,0
BN, ROVER,1
BT, ROVER,0
BR, ROVER,0
BV, ROVER,0
B, ROVER,0
BZ, ROVER,0
CL, ROVER,0
CS, ROVER,2
CJ, ROVER,0
CT, ROVER,1
CV, ROVER,0
DB, ROVER,0
DJ, ROVER,1
GL, ROVER,0
GR, ROVER,0
GJ, ROVER,1
HR, ROVER,1
HD, ROVER,0
IL, ROVER,0
IS, ROVER,1
IF, ROVER,0
MM, ROVER,0
MH, ROVER,1
MS, ROVER,0
NT, ROVER,0
OT, ROVER,2
PH, ROVER,0
SJ, ROVER,0
SM, ROVER,0
SB, ROVER,0
SV, ROVER,0
TR, ROVER,1
TM, ROVER,1
TL, ROVER,0
VS, ROVER,1
VL, ROVER,0
VN, ROVER,0
AB, SAAB,1
AR, SAAB,1
AG, SAAB,2
BC, SAAB,1
BH, SAAB,3
BN, SAAB,0
BT, SAAB,0
BR, SAAB,0
BV, SAAB,2
B, SAAB,5
BZ, SAAB,1
CL, SAAB,1
CS, SAAB,1
CJ, SAAB,2
CT, SAAB,6
CV, SAAB,1
DB, SAAB,0
DJ, SAAB,1
GL, SAAB,0
GR, SAAB,0
GJ, SAAB,0
HR, SAAB,0
HD, SAAB,0
IL, SAAB,0
IS, SAAB,1
IF, SAAB,2
MM, SAAB,2
MH, SAAB,0
MS, SAAB,1
NT, SAAB,0
OT, SAAB,1
PH, SAAB,2
SJ, SAAB,1
SM, SAAB,2
SB, SAAB,1
SV, SAAB,2
TR, SAAB,0
TM, SAAB,2
TL, SAAB,1
VS, SAAB,0
VL, SAAB,1
VN, SAAB,2
AB, SANTANA,2
AR, SANTANA,0
AG, SANTANA,1
BC, SANTANA,0
BH, SANTANA,1
BN, SANTANA,1
BT, SANTANA,0
BR, SANTANA,0
BV, SANTANA,1
B, SANTANA,0
BZ, SANTANA,0
CL, SANTANA,0
CS, SANTANA,0
CJ, SANTANA,0
CT, SANTANA,0
CV, SANTANA,0
DB, SANTANA,1
DJ, SANTANA,0
GL, SANTANA,0
GR, SANTANA,0
GJ, SANTANA,2
HR, SANTANA,1
HD, SANTANA,0
IL, SANTANA,0
IS, SANTANA,0
IF, SANTANA,0
MM, SANTANA,0
MH, SANTANA,0
MS, SANTANA,1
NT, SANTANA,0
OT, SANTANA,0
PH, SANTANA,1
SJ, SANTANA,1
SM, SANTANA,0
SB, SANTANA,1
SV, SANTANA,0
TR, SANTANA,0
TM, SANTANA,0
TL, SANTANA,0
VS, SANTANA,0
VL, SANTANA,0
VN, SANTANA,0
AB, SCHMITZ,0
AR, SCHMITZ,0
AG, SCHMITZ,0
BC, SCHMITZ,0
BH, SCHMITZ,0
BN, SCHMITZ,0
BT, SCHMITZ,0
BR, SCHMITZ,0
BV, SCHMITZ,0
B, SCHMITZ,0
BZ, SCHMITZ,0
CL, SCHMITZ,0
CS, SCHMITZ,0
CJ, SCHMITZ,0
CT, SCHMITZ,1
CV, SCHMITZ,0
DB, SCHMITZ,0
DJ, SCHMITZ,0
GL, SCHMITZ,0
GR, SCHMITZ,0
GJ, SCHMITZ,0
HR, SCHMITZ,0
HD, SCHMITZ,0
IL, SCHMITZ,0
IS, SCHMITZ,0
IF, SCHMITZ,1
MM, SCHMITZ,0
MH, SCHMITZ,0
MS, SCHMITZ,0
NT, SCHMITZ,0
OT, SCHMITZ,0
PH, SCHMITZ,0
SJ, SCHMITZ,0
SM, SCHMITZ,0
SB, SCHMITZ,0
SV, SCHMITZ,0
TR, SCHMITZ,0
TM, SCHMITZ,0
TL, SCHMITZ,0
VS, SCHMITZ,0
VL, SCHMITZ,0
VN, SCHMITZ,0
AB, GOTHA,0
AR, GOTHA,0
AG, GOTHA,0
BC, GOTHA,0
BH, GOTHA,0
BN, GOTHA,0
BT, GOTHA,0
BR, GOTHA,0
BV, GOTHA,0
B, GOTHA,0
BZ, GOTHA,0
CL, GOTHA,0
CS, GOTHA,0
CJ, GOTHA,0
CT, GOTHA,1
CV, GOTHA,0
DB, GOTHA,0
DJ, GOTHA,0
GL, GOTHA,0
GR, GOTHA,0
GJ, GOTHA,0
HR, GOTHA,0
HD, GOTHA,0
IL, GOTHA,0
IS, GOTHA,0
IF, GOTHA,0
MM, GOTHA,0
MH, GOTHA,0
MS, GOTHA,0
NT, GOTHA,0
OT, GOTHA,0
PH, GOTHA,0
SJ, GOTHA,0
SM, GOTHA,0
SB, GOTHA,0
SV, GOTHA,0
TR, GOTHA,0
TM, GOTHA,0
TL, GOTHA,0
VS, GOTHA,0
VL, GOTHA,0
VN, GOTHA,0
AB, SEAT,30
AR, SEAT,43
AG, SEAT,49
BC, SEAT,42
BH, SEAT,62
BN, SEAT,22
BT, SEAT,35
BR, SEAT,20
BV, SEAT,59
B, SEAT,127
BZ, SEAT,25
CL, SEAT,11
CS, SEAT,19
CJ, SEAT,58
CT, SEAT,66
CV, SEAT,22
DB, SEAT,43
DJ, SEAT,39
GL, SEAT,29
GR, SEAT,19
GJ, SEAT,22
HR, SEAT,18
HD, SEAT,20
IL, SEAT,13
IS, SEAT,74
IF, SEAT,37
MM, SEAT,40
MH, SEAT,27
MS, SEAT,25
NT, SEAT,36
OT, SEAT,28
PH, SEAT,87
SJ, SEAT,46
SM, SEAT,20
SB, SEAT,46
SV, SEAT,49
TR, SEAT,26
TM, SEAT,33
TL, SEAT,11
VS, SEAT,19
VL, SEAT,37
VN, SEAT,24
AB, SKODA,79
AR, SKODA,66
AG, SKODA,158
BC, SKODA,114
BH, SKODA,143
BN, SKODA,46
BT, SKODA,33
BR, SKODA,67
BV, SKODA,131
B, SKODA,1048
BZ, SKODA,92
CL, SKODA,49
CS, SKODA,31
CJ, SKODA,145
CT, SKODA,188
CV, SKODA,59
DB, SKODA,100
DJ, SKODA,106
GL, SKODA,88
GR, SKODA,66
GJ, SKODA,61
HR, SKODA,85
HD, SKODA,86
IL, SKODA,48
IS, SKODA,145
IF, SKODA,210
MM, SKODA,64
MH, SKODA,32
MS, SKODA,86
NT, SKODA,75
OT, SKODA,78
PH, SKODA,175
SJ, SKODA,68
SM, SKODA,42
SB, SKODA,72
SV, SKODA,105
TR, SKODA,66
TM, SKODA,135
TL, SKODA,42
VS, SKODA,41
VL, SKODA,88
VN, SKODA,61
AB, SMART,7
AR, SMART,4
AG, SMART,5
BC, SMART,4
BH, SMART,6
BN, SMART,5
BT, SMART,5
BR, SMART,3
BV, SMART,7
B, SMART,44
BZ, SMART,3
CL, SMART,3
CS, SMART,4
CJ, SMART,20
CT, SMART,9
CV, SMART,2
DB, SMART,6
DJ, SMART,5
GL, SMART,4
GR, SMART,4
GJ, SMART,13
HR, SMART,2
HD, SMART,6
IL, SMART,1
IS, SMART,6
IF, SMART,18
MM, SMART,5
MH, SMART,0
MS, SMART,4
NT, SMART,7
OT, SMART,4
PH, SMART,5
SJ, SMART,13
SM, SMART,3
SB, SMART,13
SV, SMART,7
TR, SMART,1
TM, SMART,13
TL, SMART,3
VS, SMART,3
VL, SMART,13
VN, SMART,2
AB, SSANGYONG,0
AR, SSANGYONG,1
AG, SSANGYONG,3
BC, SSANGYONG,4
BH, SSANGYONG,6
BN, SSANGYONG,4
BT, SSANGYONG,2
BR, SSANGYONG,1
BV, SSANGYONG,6
B, SSANGYONG,35
BZ, SSANGYONG,0
CL, SSANGYONG,4
CS, SSANGYONG,3
CJ, SSANGYONG,2
CT, SSANGYONG,7
CV, SSANGYONG,0
DB, SSANGYONG,0
DJ, SSANGYONG,2
GL, SSANGYONG,1
GR, SSANGYONG,0
GJ, SSANGYONG,3
HR, SSANGYONG,1
HD, SSANGYONG,2
IL, SSANGYONG,2
IS, SSANGYONG,7
IF, SSANGYONG,5
MM, SSANGYONG,1
MH, SSANGYONG,4
MS, SSANGYONG,0
NT, SSANGYONG,0
OT, SSANGYONG,2
PH, SSANGYONG,4
SJ, SSANGYONG,1
SM, SSANGYONG,5
SB, SSANGYONG,1
SV, SSANGYONG,3
TR, SSANGYONG,0
TM, SSANGYONG,2
TL, SSANGYONG,2
VS, SSANGYONG,2
VL, SSANGYONG,1
VN, SSANGYONG,0
AB, DAEWOO,0
AR, DAEWOO,0
AG, DAEWOO,0
BC, DAEWOO,0
BH, DAEWOO,1
BN, DAEWOO,0
BT, DAEWOO,0
BR, DAEWOO,0
BV, DAEWOO,0
B, DAEWOO,0
BZ, DAEWOO,0
CL, DAEWOO,0
CS, DAEWOO,0
CJ, DAEWOO,0
CT, DAEWOO,0
CV, DAEWOO,0
DB, DAEWOO,0
DJ, DAEWOO,0
GL, DAEWOO,0
GR, DAEWOO,0
GJ, DAEWOO,0
HR, DAEWOO,0
HD, DAEWOO,0
IL, DAEWOO,0
IS, DAEWOO,0
IF, DAEWOO,0
MM, DAEWOO,0
MH, DAEWOO,0
MS, DAEWOO,0
NT, DAEWOO,0
OT, DAEWOO,0
PH, DAEWOO,0
SJ, DAEWOO,0
SM, DAEWOO,0
SB, DAEWOO,0
SV, DAEWOO,0
TR, DAEWOO,0
TM, DAEWOO,0
TL, DAEWOO,0
VS, DAEWOO,0
VL, DAEWOO,0
VN, DAEWOO,0
AB, STEMA,0
AR, STEMA,0
AG, STEMA,0
BC, STEMA,0
BH, STEMA,0
BN, STEMA,0
BT, STEMA,0
BR, STEMA,0
BV, STEMA,0
B, STEMA,0
BZ, STEMA,0
CL, STEMA,0
CS, STEMA,0
CJ, STEMA,0
CT, STEMA,0
CV, STEMA,0
DB, STEMA,0
DJ, STEMA,0
GL, STEMA,0
GR, STEMA,0
GJ, STEMA,0
HR, STEMA,0
HD, STEMA,0
IL, STEMA,0
IS, STEMA,0
IF, STEMA,0
MM, STEMA,0
MH, STEMA,0
MS, STEMA,0
NT, STEMA,0
OT, STEMA,0
PH, STEMA,0
SJ, STEMA,0
SM, STEMA,0
SB, STEMA,0
SV, STEMA,0
TR, STEMA,0
TM, STEMA,0
TL, STEMA,0
VS, STEMA,0
VL, STEMA,0
VN, STEMA,1
AB, SUBARU,4
AR, SUBARU,6
AG, SUBARU,5
BC, SUBARU,2
BH, SUBARU,1
BN, SUBARU,2
BT, SUBARU,1
BR, SUBARU,0
BV, SUBARU,10
B, SUBARU,19
BZ, SUBARU,0
CL, SUBARU,0
CS, SUBARU,1
CJ, SUBARU,3
CT, SUBARU,2
CV, SUBARU,1
DB, SUBARU,0
DJ, SUBARU,2
GL, SUBARU,2
GR, SUBARU,1
GJ, SUBARU,1
HR, SUBARU,7
HD, SUBARU,3
IL, SUBARU,0
IS, SUBARU,1
IF, SUBARU,4
MM, SUBARU,6
MH, SUBARU,0
MS, SUBARU,6
NT, SUBARU,4
OT, SUBARU,0
PH, SUBARU,3
SJ, SUBARU,6
SM, SUBARU,1
SB, SUBARU,6
SV, SUBARU,5
TR, SUBARU,0
TM, SUBARU,4
TL, SUBARU,2
VS, SUBARU,1
VL, SUBARU,1
VN, SUBARU,0
AB, SUDA,0
AR, SUDA,0
AG, SUDA,0
BC, SUDA,0
BH, SUDA,0
BN, SUDA,0
BT, SUDA,0
BR, SUDA,0
BV, SUDA,0
B, SUDA,0
BZ, SUDA,0
CL, SUDA,0
CS, SUDA,0
CJ, SUDA,0
CT, SUDA,0
CV, SUDA,0
DB, SUDA,0
DJ, SUDA,0
GL, SUDA,0
GR, SUDA,0
GJ, SUDA,0
HR, SUDA,0
HD, SUDA,0
IL, SUDA,0
IS, SUDA,0
IF, SUDA,1
MM, SUDA,0
MH, SUDA,0
MS, SUDA,0
NT, SUDA,0
OT, SUDA,0
PH, SUDA,0
SJ, SUDA,0
SM, SUDA,0
SB, SUDA,0
SV, SUDA,0
TR, SUDA,0
TM, SUDA,0
TL, SUDA,0
VS, SUDA,0
VL, SUDA,0
VN, SUDA,0
AB, SUZUKI,65
AR, SUZUKI,28
AG, SUZUKI,47
BC, SUZUKI,21
BH, SUZUKI,52
BN, SUZUKI,42
BT, SUZUKI,15
BR, SUZUKI,13
BV, SUZUKI,49
B, SUZUKI,170
BZ, SUZUKI,23
CL, SUZUKI,12
CS, SUZUKI,15
CJ, SUZUKI,69
CT, SUZUKI,35
CV, SUZUKI,30
DB, SUZUKI,21
DJ, SUZUKI,23
GL, SUZUKI,11
GR, SUZUKI,10
GJ, SUZUKI,40
HR, SUZUKI,67
HD, SUZUKI,53
IL, SUZUKI,7
IS, SUZUKI,38
IF, SUZUKI,42
MM, SUZUKI,55
MH, SUZUKI,8
MS, SUZUKI,36
NT, SUZUKI,25
OT, SUZUKI,5
PH, SUZUKI,45
SJ, SUZUKI,28
SM, SUZUKI,17
SB, SUZUKI,32
SV, SUZUKI,30
TR, SUZUKI,5
TM, SUZUKI,32
TL, SUZUKI,7
VS, SUZUKI,16
VL, SUZUKI,29
VN, SUZUKI,15
AB, T0YOTA,0
AR, T0YOTA,0
AG, T0YOTA,0
BC, T0YOTA,0
BH, T0YOTA,0
BN, T0YOTA,0
BT, T0YOTA,0
BR, T0YOTA,0
BV, T0YOTA,0
B, T0YOTA,2
BZ, T0YOTA,0
CL, T0YOTA,0
CS, T0YOTA,0
CJ, T0YOTA,0
CT, T0YOTA,0
CV, T0YOTA,0
DB, T0YOTA,0
DJ, T0YOTA,0
GL, T0YOTA,0
GR, T0YOTA,0
GJ, T0YOTA,1
HR, T0YOTA,0
HD, T0YOTA,0
IL, T0YOTA,0
IS, T0YOTA,0
IF, T0YOTA,0
MM, T0YOTA,0
MH, T0YOTA,0
MS, T0YOTA,0
NT, T0YOTA,1
OT, T0YOTA,0
PH, T0YOTA,0
SJ, T0YOTA,1
SM, T0YOTA,0
SB, T0YOTA,1
SV, T0YOTA,0
TR, T0YOTA,0
TM, T0YOTA,0
TL, T0YOTA,0
VS, T0YOTA,0
VL, T0YOTA,1
VN, T0YOTA,1
AB, TATA,0
AR, TATA,0
AG, TATA,0
BC, TATA,0
BH, TATA,0
BN, TATA,0
BT, TATA,0
BR, TATA,0
BV, TATA,0
B, TATA,0
BZ, TATA,0
CL, TATA,0
CS, TATA,1
CJ, TATA,0
CT, TATA,0
CV, TATA,0
DB, TATA,0
DJ, TATA,0
GL, TATA,0
GR, TATA,0
GJ, TATA,0
HR, TATA,1
HD, TATA,0
IL, TATA,0
IS, TATA,0
IF, TATA,0
MM, TATA,0
MH, TATA,0
MS, TATA,0
NT, TATA,0
OT, TATA,0
PH, TATA,0
SJ, TATA,0
SM, TATA,0
SB, TATA,0
SV, TATA,0
TR, TATA,0
TM, TATA,0
TL, TATA,0
VS, TATA,0
VL, TATA,0
VN, TATA,0
AB, TESLA,1
AR, TESLA,1
AG, TESLA,2
BC, TESLA,0
BH, TESLA,4
BN, TESLA,0
BT, TESLA,0
BR, TESLA,0
BV, TESLA,4
B, TESLA,59
BZ, TESLA,1
CL, TESLA,0
CS, TESLA,0
CJ, TESLA,9
CT, TESLA,4
CV, TESLA,0
DB, TESLA,0
DJ, TESLA,0
GL, TESLA,0
GR, TESLA,1
GJ, TESLA,0
HR, TESLA,0
HD, TESLA,2
IL, TESLA,0
IS, TESLA,3
IF, TESLA,7
MM, TESLA,1
MH, TESLA,0
MS, TESLA,1
NT, TESLA,0
OT, TESLA,0
PH, TESLA,6
SJ, TESLA,0
SM, TESLA,1
SB, TESLA,4
SV, TESLA,0
TR, TESLA,0
TM, TESLA,2
TL, TESLA,0
VS, TESLA,1
VL, TESLA,1
VN, TESLA,1
AB, TOYOTA,26
AR, TOYOTA,20
AG, TOYOTA,48
BC, TOYOTA,39
BH, TOYOTA,55
BN, TOYOTA,22
BT, TOYOTA,21
BR, TOYOTA,14
BV, TOYOTA,86
B, TOYOTA,667
BZ, TOYOTA,21
CL, TOYOTA,12
CS, TOYOTA,9
CJ, TOYOTA,80
CT, TOYOTA,65
CV, TOYOTA,11
DB, TOYOTA,13
DJ, TOYOTA,37
GL, TOYOTA,27
GR, TOYOTA,14
GJ, TOYOTA,12
HR, TOYOTA,45
HD, TOYOTA,17
IL, TOYOTA,7
IS, TOYOTA,94
IF, TOYOTA,60
MM, TOYOTA,40
MH, TOYOTA,4
MS, TOYOTA,47
NT, TOYOTA,42
OT, TOYOTA,15
PH, TOYOTA,60
SJ, TOYOTA,31
SM, TOYOTA,14
SB, TOYOTA,34
SV, TOYOTA,55
TR, TOYOTA,10
TM, TOYOTA,59
TL, TOYOTA,5
VS, TOYOTA,26
VL, TOYOTA,21
VN, TOYOTA,26
AB, TRABANT,0
AR, TRABANT,0
AG, TRABANT,1
BC, TRABANT,0
BH, TRABANT,1
BN, TRABANT,0
BT, TRABANT,0
BR, TRABANT,0
BV, TRABANT,0
B, TRABANT,0
BZ, TRABANT,1
CL, TRABANT,0
CS, TRABANT,0
CJ, TRABANT,0
CT, TRABANT,0
CV, TRABANT,0
DB, TRABANT,0
DJ, TRABANT,0
GL, TRABANT,0
GR, TRABANT,0
GJ, TRABANT,0
HR, TRABANT,0
HD, TRABANT,0
IL, TRABANT,0
IS, TRABANT,0
IF, TRABANT,1
MM, TRABANT,0
MH, TRABANT,0
MS, TRABANT,0
NT, TRABANT,0
OT, TRABANT,0
PH, TRABANT,0
SJ, TRABANT,0
SM, TRABANT,1
SB, TRABANT,0
SV, TRABANT,2
TR, TRABANT,0
TM, TRABANT,0
TL, TRABANT,0
VS, TRABANT,0
VL, TRABANT,0
VN, TRABANT,0
AB, VAUXHALL,0
AR, VAUXHALL,0
AG, VAUXHALL,0
BC, VAUXHALL,1
BH, VAUXHALL,0
BN, VAUXHALL,0
BT, VAUXHALL,0
BR, VAUXHALL,0
BV, VAUXHALL,0
B, VAUXHALL,1
BZ, VAUXHALL,0
CL, VAUXHALL,0
CS, VAUXHALL,0
CJ, VAUXHALL,0
CT, VAUXHALL,0
CV, VAUXHALL,0
DB, VAUXHALL,2
DJ, VAUXHALL,1
GL, VAUXHALL,0
GR, VAUXHALL,0
GJ, VAUXHALL,0
HR, VAUXHALL,0
HD, VAUXHALL,0
IL, VAUXHALL,1
IS, VAUXHALL,0
IF, VAUXHALL,0
MM, VAUXHALL,1
MH, VAUXHALL,0
MS, VAUXHALL,1
NT, VAUXHALL,0
OT, VAUXHALL,1
PH, VAUXHALL,0
SJ, VAUXHALL,0
SM, VAUXHALL,0
SB, VAUXHALL,0
SV, VAUXHALL,2
TR, VAUXHALL,1
TM, VAUXHALL,0
TL, VAUXHALL,0
VS, VAUXHALL,1
VL, VAUXHALL,2
VN, VAUXHALL,0
AB, VOLKSWAGEN,339
AR, VOLKSWAGEN,438
AG, VOLKSWAGEN,452
BC, VOLKSWAGEN,449
BH, VOLKSWAGEN,660
BN, VOLKSWAGEN,300
BT, VOLKSWAGEN,408
BR, VOLKSWAGEN,206
BV, VOLKSWAGEN,404
B, VOLKSWAGEN,1460
BZ, VOLKSWAGEN,206
CL, VOLKSWAGEN,117
CS, VOLKSWAGEN,242
CJ, VOLKSWAGEN,499
CT, VOLKSWAGEN,641
CV, VOLKSWAGEN,138
DB, VOLKSWAGEN,366
DJ, VOLKSWAGEN,401
GL, VOLKSWAGEN,398
GR, VOLKSWAGEN,164
GJ, VOLKSWAGEN,306
HR, VOLKSWAGEN,257
HD, VOLKSWAGEN,272
IL, VOLKSWAGEN,210
IS, VOLKSWAGEN,561
IF, VOLKSWAGEN,378
MM, VOLKSWAGEN,400
MH, VOLKSWAGEN,233
MS, VOLKSWAGEN,491
NT, VOLKSWAGEN,412
OT, VOLKSWAGEN,288
PH, VOLKSWAGEN,531
SJ, VOLKSWAGEN,392
SM, VOLKSWAGEN,295
SB, VOLKSWAGEN,375
SV, VOLKSWAGEN,702
TR, VOLKSWAGEN,209
TM, VOLKSWAGEN,496
TL, VOLKSWAGEN,159
VS, VOLKSWAGEN,345
VL, VOLKSWAGEN,367
VN, VOLKSWAGEN,293
AB, VOLVO,20
AR, VOLVO,27
AG, VOLVO,17
BC, VOLVO,32
BH, VOLVO,40
BN, VOLVO,17
BT, VOLVO,25
BR, VOLVO,9
BV, VOLVO,38
B, VOLVO,226
BZ, VOLVO,9
CL, VOLVO,6
CS, VOLVO,7
CJ, VOLVO,59
CT, VOLVO,38
CV, VOLVO,11
DB, VOLVO,19
DJ, VOLVO,21
GL, VOLVO,31
GR, VOLVO,3
GJ, VOLVO,11
HR, VOLVO,20
HD, VOLVO,28
IL, VOLVO,5
IS, VOLVO,45
IF, VOLVO,34
MM, VOLVO,36
MH, VOLVO,8
MS, VOLVO,21
NT, VOLVO,28
OT, VOLVO,8
PH, VOLVO,34
SJ, VOLVO,20
SM, VOLVO,12
SB, VOLVO,20
SV, VOLVO,57
TR, VOLVO,13
TM, VOLVO,37
TL, VOLVO,4
VS, VOLVO,6
VL, VOLVO,19
VN, VOLVO,14
